Iteration,Individual,X,Y,Fitness
1,0,0.011523688,0.004150985,0.038634432
1,1,0.019891307,-0.020817201,0.103392873
1,2,-0.01740558,-0.040868204,0.177421575
1,3,0.042095078,-0.025500101,0.202629589
1,4,0.070077166,-0.023283167,0.348171681
1,5,0.072591663,0.018548195,0.354991556
1,6,0.043863215,-0.062438993,0.36490478
1,7,0.078504275,-0.006338907,0.37982768
1,8,0.055394004,0.06237784,0.412999996
1,9,0.070852244,0.068770594,0.5229155
1,10,-0.086818895,0.057148358,0.56144616
1,11,0.04538224,-0.114541372,0.710440809
1,12,0.101212035,0.072620944,0.725299537
1,13,-0.025736407,-0.123859307,0.734303514
1,14,-0.060793591,0.112257974,0.748937048
1,15,0.101834533,0.079420068,0.763586891
1,16,0.111676429,-0.066779681,0.770040635
1,17,-0.142064793,0.041581988,0.914357861
1,18,-0.066597769,-0.135800509,0.947763028
1,19,0.143916101,-0.060580709,0.988076545
1,20,0.088083969,-0.127955516,0.988157607
1,21,0.155176409,-0.025363459,0.98914385
1,22,0.135860584,-0.085549145,1.033027357
1,23,-0.038122239,0.158660938,1.042274085
1,24,-0.165272876,-0.006426846,1.0565119
1,25,-0.138383483,0.08702567,1.05897366
1,26,0.160639687,0.039510077,1.061872211
1,27,-0.014498895,0.168226224,1.08655926
1,28,0.092073719,-0.140529979,1.10017193
1,29,0.153372925,-0.073496664,1.112513688
1,30,-0.056668748,-0.161955376,1.119878228
1,31,0.161721032,0.058168052,1.122805169
1,32,-0.017083676,0.172544497,1.125652531
1,33,0.118845227,-0.125866673,1.15044228
1,34,0.175312203,0.021970834,1.154588859
1,35,0.17390158,-0.048922271,1.195626663
1,36,0.16588124,0.075163659,1.218275717
1,37,-0.137878649,0.117189402,1.22131291
1,38,-0.081777328,-0.165026246,1.238999531
1,39,-0.18113871,-0.070716505,1.323867404
1,40,-0.014731387,0.199169135,1.350402548
1,41,0.005599492,0.202193921,1.371281099
1,42,-0.040535786,0.197805318,1.375472924
1,43,-0.066521947,0.189396817,1.376314177
1,44,0.143802255,-0.136997266,1.384563137
1,45,0.203884563,0.008946058,1.386853121
1,46,-0.098792888,0.175599373,1.398669636
1,47,-0.015507354,0.205718301,1.406423628
1,48,-0.088217137,0.18519986,1.425394805
1,49,-0.073952097,-0.195016824,1.447508688
1,50,-0.087607228,0.189560605,1.457120334
1,51,-0.151762103,0.141922416,1.46904748
1,52,0.024308709,-0.212272937,1.470195433
1,53,0.167269811,0.124892272,1.47405015
1,54,-0.208200605,0.055248801,1.496261054
1,55,-0.078163097,0.199576635,1.499348067
1,56,-0.174059138,-0.121771667,1.505691262
1,57,-0.21790332,0.015552572,1.508671221
1,58,-0.161248155,-0.141773203,1.532204031
1,59,-0.073850445,-0.209285438,1.561523108
1,60,0.141282083,-0.166615472,1.565965226
1,61,0.222880928,-0.033934991,1.571490398
1,62,-0.028561729,-0.227696344,1.603087741
1,63,0.164155646,-0.153774985,1.626717229
1,64,0.224321347,0.055528264,1.627746935
1,65,-0.211734123,0.087125681,1.629179546
1,66,-0.185144074,0.131343829,1.638689252
1,67,0.120374649,-0.195716539,1.657220991
1,68,0.140640343,-0.186002946,1.697057762
1,69,0.024567765,0.242031615,1.714189244
1,70,0.239512433,-0.046487754,1.728397132
1,71,0.086203226,-0.225123051,1.729528616
1,72,-0.241794807,0.045396357,1.744243728
1,73,-0.115287692,-0.213724043,1.765326737
1,74,-0.018264233,-0.250587777,1.776177502
1,75,-0.03098624,0.255704889,1.829490207
1,76,-0.202592468,0.143824136,1.830893259
1,77,-0.237591228,0.089073572,1.834947761
1,78,-0.229501449,0.109610386,1.856147728
1,79,-0.258926552,0.035373544,1.860392584
1,80,0.153467035,-0.199693744,1.864709005
1,81,0.20546978,-0.148956197,1.878988637
1,82,-0.261564121,-0.035126086,1.880197243
1,83,-0.257495284,-0.06147381,1.901086992
1,84,-0.216582205,0.138977639,1.902861575
1,85,-0.043829247,-0.264065989,1.913140858
1,86,-0.183378758,0.179642775,1.91372278
1,87,-0.23184119,-0.119329187,1.916056019
1,88,0.082097265,0.252829436,1.924988497
1,89,-0.261802013,0.074425878,1.967755455
1,90,-0.133972938,0.230050931,1.9720214
1,91,0.087523807,0.257163505,1.974571187
1,92,0.159801912,-0.211937318,1.982741399
1,93,-0.111566345,-0.246616254,1.988387119
1,94,0.207351154,0.166416519,1.989547245
1,95,-0.281917055,-0.023406738,2.018225304
1,96,0.148968435,-0.226522544,2.02286863
1,97,0.025369203,-0.282639008,2.02532596
1,98,0.26966463,0.077416626,2.033434726
1,99,0.21180524,-0.170283959,2.040565965
2,0,0.002965772,-0.00785433,0.025622319
2,1,0.012708877,0.005460884,0.044211881
2,2,0.021519948,0.005446402,0.075857518
2,3,-0.017393985,0.028803755,0.125083819
2,4,0.025327384,0.024416763,0.132193306
2,5,-0.047233537,0.027839501,0.233461671
2,6,0.05109905,0.031337297,0.26287511
2,7,-0.006571628,0.061529293,0.27385487
2,8,-0.007748144,-0.071297152,0.33420942
2,9,0.062048556,0.040050629,0.348803976
2,10,-0.028255671,-0.07323645,0.378760731
2,11,-0.047530154,0.068966719,0.415083016
2,12,-0.004442366,0.086165637,0.43063013
2,13,0.07647083,-0.045794512,0.452405183
2,14,-0.08820206,0.023008313,0.465289117
2,15,0.067611882,-0.070747299,0.516368657
2,16,0.043589398,0.088448099,0.520542056
2,17,-0.106799793,-0.018494303,0.591728938
2,18,0.026532546,0.120451915,0.709023458
2,19,-0.002636457,-0.123567661,0.709563298
2,20,-0.058039045,-0.109180787,0.715918699
2,21,-0.117050043,0.051558839,0.749378797
2,22,-0.104482425,0.076236809,0.764884174
2,23,-0.124186294,0.038836311,0.765315729
2,24,0.131860393,0.005272736,0.776994987
2,25,0.016569843,0.133994021,0.802502509
2,26,0.110552002,-0.077800672,0.813782871
2,27,-0.079727826,-0.109364553,0.815355571
2,28,0.129922287,-0.045234793,0.827695329
2,29,0.139237932,-7.93E-04,0.836518594
2,30,-0.066082127,0.121621846,0.838888463
2,31,0.129099642,0.051174042,0.839677163
2,32,0.07753514,0.117183128,0.858666674
2,33,-0.069963808,-0.122168295,0.859569875
2,34,-0.113548992,0.090208634,0.899039734
2,35,-0.005067676,-0.148400707,0.913484356
2,36,0.016202658,0.148164766,0.918898723
2,37,0.087547698,0.121552022,0.939907211
2,38,0.020357916,-0.152102072,0.956472913
2,39,-0.026643326,-0.151748743,0.962541335
2,40,0.13613411,-0.070512741,0.966427694
2,41,0.126836633,0.086917376,0.974150175
2,42,-0.134412268,0.077303123,0.983194201
2,43,-0.152562365,-0.041188982,0.99902568
2,44,0.006069379,0.15951251,1.007453699
2,45,-0.089974842,-0.132885112,1.033463741
2,46,-0.0636096,0.157593904,1.108045767
2,47,-0.157017484,-0.074128827,1.143809543
2,48,0.061692184,0.166894668,1.176626973
2,49,0.180639355,-0.01486996,1.192686391
2,50,0.052016839,-0.173339786,1.199490209
2,51,0.158104412,-0.085218704,1.200205562
2,52,-0.151128007,0.100555842,1.222473145
2,53,0.114625351,-0.142698631,1.239674209
2,54,-0.003139416,0.190183113,1.268442956
2,55,-0.192268826,-0.001355574,1.286037142
2,56,-0.02011025,-0.1914482,1.289733524
2,57,0.187170307,-0.053565568,1.318396136
2,58,-0.143373833,0.127125072,1.31958632
2,59,0.140428884,-0.13070887,1.322067272
2,60,0.177088849,-0.082639078,1.337868738
2,61,0.042224462,-0.207789445,1.462102773
2,62,-0.097811242,-0.18801481,1.489701419
2,63,-0.201398288,-0.075455239,1.504079853
2,64,-0.199351642,-0.080374571,1.505816979
2,65,0.208881488,0.061628868,1.519579228
2,66,0.204702376,-0.074725739,1.527935723
2,67,-0.197673116,0.092413879,1.540904196
2,68,-0.052425885,0.21458972,1.541219533
2,69,0.222585308,-0.004649799,1.542309926
2,70,0.14308512,0.163819803,1.55782036
2,71,0.21790674,0.055273311,1.575350994
2,72,-0.181046773,0.137310688,1.64316613
2,73,0.220814237,0.073041963,1.650375638
2,74,0.15749722,0.165000176,1.655855751
2,75,0.238958627,-0.016625413,1.682224217
2,76,-0.215769945,-0.095576639,1.694017173
2,77,-0.021298589,-0.240857974,1.701463412
2,78,-0.21161629,0.104794594,1.701705006
2,79,0.243702059,0.040012398,1.749314144
2,80,-0.178216304,0.158958486,1.752392027
2,81,0.102569323,0.222911702,1.777206661
2,82,0.054838129,-0.249827158,1.826950944
2,83,0.257717292,0.014931748,1.829561342
2,84,-0.23199711,-0.099421612,1.832331462
2,85,-0.258932454,-0.006845895,1.835272961
2,86,0.233375112,-0.099655151,1.843534435
2,87,0.25417137,-0.056154837,1.863235323
2,88,0.261332149,-0.036833894,1.880952567
2,89,0.131480678,-0.219050539,1.882276311
2,90,0.081708236,0.250713789,1.908041483
2,91,-0.016364605,-0.269830242,1.923142817
2,92,0.219582231,-0.139236755,1.925152246
2,93,0.13547854,0.223527163,1.933771965
2,94,0.238721168,0.113508343,1.939962386
2,95,-0.210070858,-0.155696213,1.94750324
2,96,-0.273423152,-0.014770538,1.949094819
2,97,0.081472275,-0.259479694,1.971905631
2,98,-0.09901473,-0.254544449,1.99605975
2,99,0.173381076,0.203801408,2.006513541
3,0,0.038782801,0.04294867,0.250896123
3,1,-0.060078947,-0.00443894,0.264205852
3,2,-0.045592279,0.040110474,0.267584932
3,3,0.014652228,-0.062638162,0.28860826
3,4,0.024238052,0.064091451,0.314518911
3,5,-0.067850228,0.037642543,0.373163878
3,6,-0.086477107,-1.16E-04,0.431966257
3,7,-0.050892244,0.072436551,0.448380709
3,8,-0.080114042,0.054837532,0.510170797
3,9,-0.049067146,0.089239887,0.54499433
3,10,-0.105892901,0.008153987,0.574730615
3,11,-0.019593477,0.10545465,0.583224496
3,12,-0.049556171,-0.099941066,0.619039716
3,13,-0.066247728,-0.091799877,0.633663008
3,14,-0.075867551,-0.104438466,0.762750794
3,15,0.08050366,-0.106474397,0.799861085
3,16,-0.135055401,0.007880029,0.804170286
3,17,-0.041726545,0.128872278,0.809580051
3,18,-0.0255636,-0.13400086,0.814969011
3,19,0.074826636,-0.11419023,0.824577233
3,20,0.117648498,0.069486606,0.824629238
3,21,0.118986265,0.072928883,0.84979256
3,22,0.140072237,-0.019407686,0.855499246
3,23,0.139560744,0.027563714,0.863552848
3,24,0.093901209,0.108193015,0.884224469
3,25,-0.065365051,0.130595166,0.90306141
3,26,0.111419099,-0.094383064,0.908126362
3,27,0.122951388,-0.080366385,0.913524916
3,28,-0.002449095,0.150351769,0.929225849
3,29,-0.066887106,-0.133408709,0.930629395
3,30,0.153324508,-0.036761257,0.994995603
3,31,0.154048769,0.05414241,1.047531721
3,32,0.040057748,0.160394088,1.061096171
3,33,0.05419685,-0.158185748,1.081351646
3,34,0.079496553,-0.147443617,1.092106258
3,35,0.015028795,0.175244201,1.146789941
3,36,-0.039826057,-0.173422498,1.169405594
3,37,5.69E-04,-0.178673758,1.169758296
3,38,-0.076737565,-0.159442703,1.173701046
3,39,-0.053762192,-0.171189501,1.18676311
3,40,0.180794175,-0.0011382,1.187926907
3,41,-0.116299328,-0.13645116,1.206132875
3,42,0.047148887,-0.177254247,1.218891798
3,43,0.172013898,-0.064622456,1.228287504
3,44,0.18559473,-3.47E-04,1.228961979
3,45,-0.065062603,-0.176150165,1.263463572
3,46,0.174949367,-0.072321356,1.279843371
3,47,0.023987956,-0.193777223,1.314007638
3,48,0.195594132,-0.030382642,1.338429229
3,49,-0.15338426,0.127750021,1.39245674
3,50,-0.161996207,-0.120918079,1.413512956
3,51,0.181780473,0.092370959,1.416765853
3,52,0.080081491,0.189361816,1.425136331
3,53,0.115091987,0.169954483,1.439232841
3,54,-0.127038003,0.162581976,1.452954679
3,55,0.062198186,0.203787736,1.479863257
3,56,0.162732445,0.140081309,1.531967265
3,57,-0.225611523,0.020612193,1.576868266
3,58,-0.049797065,0.221535422,1.591438885
3,59,0.13991688,-0.172210194,1.596476647
3,60,-0.067578438,-0.217542464,1.6071323
3,61,-0.008520256,-0.231007957,1.612957349
3,62,-0.215906124,0.074470061,1.616265218
3,63,-0.147114798,0.171891502,1.637511259
3,64,-0.011360814,0.238459858,1.674880175
3,65,-0.179763719,0.145107471,1.679548448
3,66,0.160452888,0.168569863,1.697996808
3,67,-0.243536603,-0.020637334,1.722281192
3,68,-0.045631278,0.239153037,1.723827207
3,69,-0.246968741,0.005794739,1.740998075
3,70,-0.106911895,-0.217392827,1.754521281
3,71,0.158694567,-0.181636451,1.773566646
3,72,-0.236656185,-0.079675644,1.79533189
3,73,-0.225060808,0.104008158,1.799359308
3,74,0.14640037,0.197292674,1.808355446
3,75,0.033361171,-0.253141484,1.812820832
3,76,-0.154996337,-0.191325152,1.816705182
3,77,-0.161218689,0.187643119,1.828787204
3,78,-0.186205391,0.16308308,1.830451405
3,79,0.065260771,-0.247779132,1.837179012
3,80,0.029300228,-0.259007849,1.852858508
3,81,0.244771801,0.083145285,1.868360579
3,82,0.152773262,0.201303213,1.871743648
3,83,-0.147341974,-0.208874097,1.893592062
3,84,0.270774731,-0.027544771,1.940131253
3,85,-0.040909651,0.270664493,1.957545976
3,86,0.23535094,0.125523415,1.969305064
3,87,0.212328427,-0.16678724,2.024287287
3,88,0.037370466,-0.284488755,2.053108492
3,89,-0.169876122,0.214371082,2.054923189
3,90,0.21058007,0.177702393,2.074908053
3,91,0.29073261,-0.028511065,2.086580006
3,92,-0.293006483,-0.005573157,2.087960668
3,93,0.04896282,0.288565379,2.10084052
3,94,0.286041836,-0.069239489,2.127029076
3,95,-0.167349927,0.227963879,2.129162416
3,96,0.118768537,-0.263102605,2.132893105
3,97,-0.176481502,0.221207599,2.135622257
3,98,0.149288353,-0.245901746,2.154130346
3,99,-0.263900466,-0.123324375,2.157046991
4,0,0.045367477,-0.00958275,0.187429305
4,1,-0.041656271,0.028375288,0.209045798
4,2,0.054705185,-0.044250866,0.326584117
4,3,0.057218149,-0.043371886,0.33569981
4,4,-0.063212521,-0.037705193,0.347130345
4,5,0.006613849,0.075399055,0.359689796
4,6,-0.040121447,0.066845868,0.375704461
4,7,-0.012279793,0.083490223,0.417798115
4,8,-0.01030909,-0.099951535,0.532128619
4,9,-0.077450948,0.06450932,0.538204312
4,10,-0.068188316,-0.078486272,0.562298116
4,11,-0.087798398,-0.058128127,0.571819339
4,12,0.05156801,0.096845752,0.605085568
4,13,-0.067787874,-0.098057635,0.681431876
4,14,0.06983642,0.100052994,0.704250173
4,15,-0.115401243,-0.049099496,0.72878627
4,16,-0.032932227,-0.123550251,0.74616081
4,17,-0.080679504,-0.100663721,0.762561174
4,18,-0.111162458,0.070774258,0.78438093
4,19,0.11906576,-0.060457034,0.79717576
4,20,-0.095237002,-0.106831638,0.883110079
4,21,-0.135255982,0.05112134,0.887569685
4,22,-0.061058223,-0.134668156,0.917517275
4,23,0.164714574,0.037851956,1.092151355
4,24,-0.097719489,0.138467164,1.114600187
4,25,-0.016194879,-0.175114553,1.146710275
4,26,0.010543002,-0.182754494,1.207718899
4,27,-0.184295373,0.00711131,1.21922821
4,28,-0.061426386,-0.172432814,1.22090736
4,29,-0.143304056,0.110654934,1.220996154
4,30,-0.065003715,-0.173777661,1.243950036
4,31,-0.136837549,0.125565459,1.265619815
4,32,-0.086689223,-0.165863358,1.267144572
4,33,0.141283688,0.124429206,1.288703992
4,34,0.190735777,-0.02768358,1.293265767
4,35,-0.186062075,0.048590246,1.295960152
4,36,-0.087672136,0.169555854,1.300355268
4,37,0.020550538,-0.196618016,1.334091143
4,38,0.151008798,-0.120874078,1.334894335
4,39,-0.03680151,0.194508042,1.340439201
4,40,-0.054358861,0.190025748,1.344227276
4,41,-0.186193156,-0.073960538,1.376513922
4,42,0.176338512,0.093551599,1.379796431
4,43,-0.208184003,-0.016689367,1.428162086
4,44,0.074479772,-0.192550305,1.429576185
4,45,-0.143634568,0.144418002,1.431461591
4,46,-0.174137778,0.108951627,1.438017225
4,47,0.061409972,-0.200699569,1.452330299
4,48,-0.193037135,0.080270151,1.455161106
4,49,-0.072128621,0.199782773,1.479446929
4,50,-0.073190585,0.200933232,1.492376477
4,51,-0.03273478,-0.213579781,1.492808433
4,52,0.19552555,0.085978377,1.497426936
4,53,-0.166447401,0.132629698,1.513052056
4,54,0.011252512,0.218899789,1.514186776
4,55,-0.130776788,0.170740499,1.532596933
4,56,0.191204724,0.110910353,1.576188637
4,57,-0.046950075,0.221037229,1.581008358
4,58,0.0860394,-0.208390152,1.59883755
4,59,0.138233112,0.176252415,1.614788997
4,60,-0.235260279,-0.00903046,1.647865225
4,61,-0.118471129,0.201021621,1.686785412
4,62,-0.233215172,-0.07850085,1.765029251
4,63,-0.247627586,0.03538831,1.772692325
4,64,0.157606432,-0.182764199,1.774528702
4,65,0.24861703,0.03810257,1.784729912
4,66,0.242156403,0.06798924,1.801596702
4,67,-0.05991256,0.248042336,1.82534122
4,68,0.118933369,-0.224966448,1.864602324
4,69,-0.246286294,0.080191712,1.870052254
4,70,-0.06081876,-0.25382387,1.871735137
4,71,0.247189227,0.083364515,1.88718901
4,72,-0.265075832,-0.036796706,1.909290827
4,73,-0.125488945,0.229795037,1.929757955
4,74,-0.269417041,-0.033319381,1.93701673
4,75,-0.27214026,0.038305754,1.964412425
4,76,-0.251546418,-0.101831239,1.985078936
4,77,0.276596299,-0.029546155,1.985618618
4,78,0.257641235,0.100467791,2.023582052
4,79,-0.156961963,-0.221896761,2.033741293
4,80,-0.041910243,0.281534952,2.038722696
4,81,-0.224421273,-0.155335563,2.041962646
4,82,-0.229189323,0.149985829,2.04611668
4,83,0.145376687,-0.235028075,2.062260041
4,84,0.108218922,0.260280747,2.071526564
4,85,0.272984757,0.084176649,2.077236353
4,86,0.24889767,0.129127331,2.080002739
4,87,0.290724702,-0.030356662,2.088564261
4,88,-0.283393775,-0.062726951,2.092833513
4,89,-0.29113933,0.039041743,2.102744143
4,90,0.266142809,0.109230644,2.116080024
4,91,0.121800254,-0.258841209,2.116344119
4,92,0.184947069,0.212948914,2.131345181
4,93,0.290847399,0.063824506,2.147291041
4,94,0.193006648,0.209344757,2.155647462
4,95,-0.079478885,-0.28682014,2.159576516
4,96,0.0670504,0.291910227,2.162139319
4,97,0.21292375,0.190421188,2.162613389
4,98,0.106043293,-0.275717573,2.16960866
4,99,0.132014986,-0.26361556,2.192020037
5,0,-6.64E-04,-0.010166742,0.031578807
5,1,0.030902817,0.04206472,0.218860364
5,2,0.019399596,-0.059700103,0.279363881
5,3,-0.046841019,0.046868305,0.301010751
5,4,0.065285374,0.016142677,0.306453454
5,5,-0.029202112,0.068350081,0.351498074
5,6,0.074849013,0.032496668,0.399693172
5,7,0.029455141,0.076768516,0.403779651
5,8,0.074161415,-0.051242167,0.459821719
5,9,-0.009033382,-0.090397306,0.462574772
5,10,0.043615236,0.100553206,0.603336077
5,11,0.042263267,-0.10295195,0.616162568
5,12,0.082302378,-0.077421211,0.632569649
5,13,0.04171782,0.107556072,0.647785739
5,14,0.112877447,0.026474191,0.650579174
5,15,-0.086775469,0.079242856,0.66863025
5,16,0.055142546,-0.104428111,0.671038098
5,17,0.044844694,-0.111922822,0.689332922
5,18,-0.058381877,0.112720124,0.742677508
5,19,-0.070118921,0.108578483,0.763379641
5,20,-0.056710327,-0.126523774,0.838975414
5,21,0.085728479,0.108761652,0.842637914
5,22,0.104807081,-0.095127904,0.869510944
5,23,-0.12401315,0.075407814,0.897607142
5,24,-0.127607056,0.074021718,0.917648676
5,25,0.095105671,0.113232432,0.924253119
5,26,-0.061882477,0.13932085,0.956753109
5,27,-0.134660062,-0.075238214,0.975742273
5,28,-0.108368161,0.112668124,0.999350843
5,29,-0.081509586,-0.137202641,1.023588837
5,30,0.163327938,-0.025673567,1.058113676
5,31,-0.117042696,-0.116555412,1.078699533
5,32,-0.108452292,-0.127776755,1.099866444
5,33,-0.175805133,-0.023790646,1.161109642
5,34,0.089762435,-0.150438404,1.162802967
5,35,0.02640129,0.176044608,1.166800171
5,36,0.02635621,0.17686648,1.173705252
5,37,-0.182450406,0.012779648,1.2065544
5,38,0.060274925,0.17138784,1.208588542
5,39,-0.133062761,0.121055108,1.21213588
5,40,-0.183107161,-0.025867589,1.225969954
5,41,0.018484584,0.184564567,1.229462439
5,42,0.088558907,-0.167922634,1.291615945
5,43,-0.192296088,0.027877247,1.306756784
5,44,0.04152304,0.189438464,1.307504903
5,45,0.162426207,-0.10337203,1.321401177
5,46,-0.200657998,-0.003532975,1.357758533
5,47,-0.072479345,0.193570708,1.43062004
5,48,0.012093728,0.20905568,1.432193597
5,49,0.136887241,-0.152767178,1.444163529
5,50,-0.033891626,0.208378657,1.451411036
5,51,-0.073450883,0.196278776,1.455873732
5,52,0.209482099,0.031746833,1.457144816
5,53,-0.214214258,0.017837071,1.479736463
5,54,-0.117494605,-0.173946784,1.481581475
5,55,0.149232627,-0.147230461,1.486354644
5,56,0.119972703,0.174738218,1.50080855
5,57,-0.097915583,0.189957643,1.505178272
5,58,0.186491107,-0.10393462,1.506629026
5,59,0.166624522,0.131363659,1.506860587
5,60,0.174234137,-0.123355273,1.51570293
5,61,-0.061954355,-0.208661053,1.518743144
5,62,0.190045031,-0.106357745,1.545289848
5,63,-0.071347193,-0.211438592,1.570341312
5,64,-0.22523388,-0.028495915,1.582838178
5,65,0.176811509,-0.138213562,1.618595295
5,66,-0.210535748,-0.090995252,1.635100894
5,67,-0.114662853,0.197123902,1.63900336
5,68,0.208359036,0.098786422,1.650697258
5,69,0.127873449,0.192010771,1.669309575
5,70,-0.194308394,0.129915101,1.696822429
5,71,-0.080946163,-0.224770744,1.70799785
5,72,0.155050773,0.175807146,1.712378322
5,73,0.217841535,-0.096390983,1.713188764
5,74,0.116165277,0.206793294,1.718215249
5,75,-0.031816735,0.24153578,1.719261312
5,76,0.228642723,0.076605398,1.723381525
5,77,-0.124107871,0.20264784,1.727041127
5,78,-0.227550075,0.086334946,1.748670187
5,79,-0.184998902,-0.150816607,1.749162763
5,80,0.047675105,-0.245208418,1.775619634
5,81,-0.252172813,-0.044609407,1.823785223
5,82,-0.199906465,0.150465893,1.849205739
5,83,0.194206273,-0.164574989,1.892242987
5,84,-0.017592466,-0.26835935,1.912888411
5,85,-0.243527042,0.106066785,1.943775553
5,86,-0.035236322,-0.27175042,1.957046012
5,87,0.033709416,0.273371444,1.966989882
5,88,-0.083526698,0.258745044,1.973037393
5,89,0.277290972,0.031833294,1.993478551
5,90,-0.28223926,0.003181386,2.010108027
5,91,0.041161526,0.279472662,2.022613433
5,92,0.149865724,-0.22592463,2.023460218
5,93,0.049408373,0.277651574,2.023752207
5,94,-0.067446342,-0.274106141,2.038204434
5,95,-0.088481785,0.267556238,2.052440091
5,96,-0.287935234,-0.009988852,2.053102895
5,97,0.018758534,-0.288342169,2.060836765
5,98,0.035028968,0.293063729,2.110733662
5,99,-0.28360776,0.072045596,2.117267495
6,0,0.010982094,-0.019910438,0.078031151
6,1,-0.022350639,0.013752453,0.092476631
6,2,0.027751166,0.033566981,0.173063434
6,3,0.043400616,0.006136028,0.174344919
6,4,0.063199437,-0.023961434,0.308732302
6,5,-0.075072389,0.027960966,0.389480221
6,6,-0.049166866,0.074462518,0.453259871
6,7,-0.08382224,-0.067719175,0.591320911
6,8,0.103196492,0.037496556,0.604150407
6,9,0.11061827,-0.008974705,0.611057611
6,10,0.108210159,0.044302701,0.660400666
6,11,0.114766244,-0.02679253,0.665587505
6,12,-0.047124667,-0.109271915,0.677156033
6,13,-0.099982843,0.064348312,0.678600617
6,14,0.12142251,0.017563662,0.702988093
6,15,0.003749802,-0.125468526,0.72498239
6,16,-0.128969839,0.002919276,0.752938282
6,17,-0.056541873,-0.120444023,0.792488667
6,18,-0.045845084,-0.130882453,0.837007216
6,19,-0.131328579,-0.048819462,0.849504374
6,20,-0.084626364,0.125269354,0.951287784
6,21,-0.099493506,0.113902174,0.953981445
6,22,0.104466043,0.111421829,0.967452483
6,23,0.046480789,0.150627014,0.997012164
6,24,0.05523377,0.153130365,1.043562146
6,25,0.087932898,0.136163789,1.047074416
6,26,-0.094981496,-0.133475399,1.063948674
6,27,-0.164852339,0.023766676,1.068234792
6,28,-0.109408545,0.125046001,1.087050355
6,29,-0.161772239,-0.047367367,1.090932531
6,30,0.137445605,-0.096356281,1.099925362
6,31,-0.073402751,0.152991225,1.109128661
6,32,0.09179111,-0.143266951,1.119005562
6,33,-0.058333121,0.161743545,1.123528016
6,34,0.050120405,0.166141767,1.134615462
6,35,-0.165661423,0.05237158,1.137115205
6,36,0.150219935,0.086765807,1.146790885
6,37,0.175249869,-0.026555817,1.160289106
6,38,-0.038695693,0.173169292,1.164816896
6,39,-0.131009944,0.115761218,1.165736083
6,40,0.103642372,0.14210805,1.173077902
6,41,-0.182505091,-0.036134784,1.238114883
6,42,-0.052892491,-0.180564467,1.261796355
6,43,0.190855926,0.016128565,1.280862991
6,44,-0.180599997,0.061286192,1.287311804
6,45,0.168734826,-0.08859834,1.298117518
6,46,0.177480676,-0.077756649,1.321142499
6,47,0.070214041,0.185232336,1.355199812
6,48,-0.030819091,-0.197916819,1.358697422
6,49,0.112466337,0.162528602,1.370348609
6,50,-0.090084625,0.177580974,1.373806045
6,51,-0.202618781,-0.005720743,1.374919503
6,52,0.14852805,-0.135488243,1.406685256
6,53,0.131774896,0.15259368,1.41140216
6,54,0.170412774,-0.112944752,1.431122473
6,55,-0.064304093,-0.200669201,1.460921498
6,56,-0.026987495,0.217952092,1.52080066
6,57,-0.114721502,-0.18248202,1.530127542
6,58,0.204396085,0.078450528,1.538787759
6,59,-0.006651924,-0.223294738,1.548733111
6,60,-0.121001731,-0.181767293,1.557878515
6,61,-0.036995149,-0.223931191,1.585163381
6,62,0.223141291,0.046471854,1.59707465
6,63,0.226176028,0.036574833,1.602766
6,64,0.224994761,0.049446494,1.618635109
6,65,0.183904987,0.132276943,1.635001226
6,66,-0.013592034,0.237065445,1.664859268
6,67,-0.174101542,0.149650744,1.667949648
6,68,0.104666109,0.209375849,1.684187793
6,69,-0.077494554,0.226927237,1.712981191
6,70,0.1383994,0.19145682,1.722802651
6,71,-0.159827027,0.173933956,1.729366542
6,72,-0.239984049,0.051183944,1.742091646
6,73,0.120446421,0.209134724,1.756244289
6,74,-0.117260727,-0.213421292,1.772395991
6,75,-0.068494283,0.238295007,1.77323043
6,76,-0.226294305,-0.096509297,1.777886022
6,77,0.115806413,0.217147407,1.792990858
6,78,0.094710077,0.231615046,1.810978744
6,79,0.1766479,0.172414583,1.825758703
6,80,-0.224563495,-0.12091536,1.870868624
6,81,-0.244864912,-0.083941548,1.871724165
6,82,-0.219808759,0.128724185,1.874058835
6,83,-0.150942913,-0.211055308,1.9281162
6,84,0.274346122,0.015738417,1.956569141
6,85,-0.244490243,-0.107598617,1.956921894
6,86,-0.034333522,-0.272395587,1.96059276
6,87,0.123573646,0.236607392,1.969276221
6,88,0.274555994,-0.037501683,1.981064881
6,89,-0.003465149,-0.279171792,1.987640832
6,90,-0.260320518,0.085137886,1.989673786
6,91,-0.106115427,0.251946225,2.004493684
6,92,0.170121721,-0.207286621,2.010282342
6,93,-0.145856917,0.230139812,2.031525136
6,94,-0.204432271,0.179618797,2.046925114
6,95,0.189430906,0.199446105,2.073755812
6,96,-0.224887686,-0.162526994,2.083300385
6,97,0.236863482,-0.14794471,2.087393261
6,98,-0.217997028,0.171562651,2.087787223
6,99,-0.296689012,-0.011394982,2.115728281
7,0,0.014133178,0.01297677,0.0640484
7,1,0.012659472,0.024834227,0.099416877
7,2,-0.045814335,-0.027103298,0.224537572
7,3,-0.010071931,0.058482889,0.259011692
7,4,-0.05647025,0.019601192,0.261671929
7,5,0.00662826,-0.062229907,0.278028244
7,6,0.047429054,-0.042634824,0.285820807
7,7,-0.020852885,0.075014328,0.374243646
7,8,-0.083559593,-0.011222903,0.417234069
7,9,0.086316428,0.019178878,0.44589522
7,10,-0.037973575,0.083543333,0.470591416
7,11,0.021145094,-0.096763107,0.522081437
7,12,0.105476478,0.001901475,0.569258658
7,13,-0.106365019,-0.013559086,0.582631295
7,14,0.074022289,-0.077032877,0.584373414
7,15,0.065747661,0.088584501,0.611025077
7,16,-0.113770225,-0.015709105,0.64122909
7,17,-0.089584167,0.072681519,0.651128925
7,18,0.039365613,0.113045178,0.681675928
7,19,0.076553822,-0.09331138,0.694159685
7,20,2.41E-04,-0.124185902,0.714253638
7,21,-0.058950598,0.110245172,0.727122215
7,22,-0.038662999,-0.122928381,0.755107112
7,23,-0.078789142,0.101131107,0.755725663
7,24,-0.052636171,0.120418739,0.778318405
7,25,0.095075489,-0.098211301,0.827983578
7,26,0.019698503,-0.139345012,0.849893825
7,27,0.093247411,0.111220707,0.900380658
7,28,0.013417333,0.151383264,0.943258244
7,29,-0.137323673,-0.069267504,0.970333518
7,30,-0.110037107,0.113274136,1.013580354
7,31,0.129879806,0.092596153,1.025499283
7,32,0.147003753,0.065734585,1.031582851
7,33,-0.026321699,-0.161974657,1.047696953
7,34,0.154855686,0.055113061,1.057151123
7,35,-0.085024534,-0.139982032,1.061131526
7,36,0.011104086,0.166944611,1.073133731
7,37,0.063950735,0.153742923,1.078412404
7,38,0.078111983,-0.149088169,1.098673411
7,39,0.048714217,0.169014076,1.154502402
7,40,-0.166196841,-0.062259557,1.172878038
7,41,0.01053456,-0.179921925,1.183510445
7,42,-0.175466054,-0.038566531,1.183828103
7,43,0.181895347,0.026303203,1.216302749
7,44,0.019173369,-0.183068052,1.217419734
7,45,0.188639335,-0.016664985,1.262453411
7,46,-0.167615144,0.086785515,1.281241369
7,47,0.001167733,-0.197916052,1.334158013
7,48,0.17578295,-0.084295302,1.334514353
7,49,0.165777716,-0.106878688,1.364672414
7,50,0.117306192,-0.166984317,1.429489882
7,51,-0.197338947,0.063372929,1.430896223
7,52,-0.157966265,0.130309498,1.439794965
7,53,-0.205720743,0.043741964,1.44815362
7,54,0.003507564,-0.21152824,1.449669203
7,55,-0.217919003,-0.00180808,1.503019419
7,56,0.177578347,-0.117099079,1.506232916
7,57,0.085224342,0.19883754,1.520531119
7,58,0.149353259,0.162756911,1.58957015
7,59,0.226675579,0.031607355,1.598996592
7,60,-0.174685099,-0.140142103,1.615033696
7,61,0.068194858,0.21970424,1.626258666
7,62,-0.236828336,-0.004667179,1.659239845
7,63,-0.185671045,-0.135757345,1.667063856
7,64,-0.09731327,0.216149733,1.704069884
7,65,-0.178012212,-0.153596803,1.718354741
7,66,0.240581578,-0.054756244,1.754948421
7,67,-0.177123759,0.160818501,1.756582491
7,68,0.118627908,0.21250761,1.772194637
7,69,-0.238537658,0.070270809,1.780308085
7,70,-0.128663283,0.209184206,1.797543449
7,71,0.248073472,-0.063277345,1.834169613
7,72,-0.202605817,-0.159226429,1.917114294
7,73,0.160620066,0.20390975,1.933768142
7,74,0.110718039,-0.240278991,1.939383121
7,75,-0.259384343,0.072153995,1.943471377
7,76,0.223599752,0.139648228,1.955205871
7,77,0.240456614,-0.121501152,1.987196386
7,78,0.043918827,-0.275166434,1.995759713
7,79,0.153869905,-0.219988034,2.00444439
7,80,0.145901913,-0.229301334,2.026052058
7,81,0.046429089,-0.279101913,2.028783485
7,82,-0.158846464,-0.220506321,2.034589851
7,83,0.085203576,0.267612515,2.042334899
7,84,0.277040591,-0.071171507,2.068794124
7,85,-0.293682594,0.03399341,2.113742857
7,86,0.292808105,-0.039314459,2.114842762
7,87,-0.234601373,-0.158158824,2.124127147
7,88,0.206782317,-0.194087325,2.1463318
7,89,-0.285822827,-0.083649158,2.164729603
7,90,0.303148691,0.029479553,2.173889314
7,91,-0.294714065,0.064206343,2.174650506
7,92,-0.29876517,-0.055063944,2.182833683
7,93,0.201123578,0.206541882,2.186213746
7,94,-0.04303228,0.302653522,2.188172033
7,95,-0.198382253,0.211127051,2.197682069
7,96,0.03770678,0.30708304,2.210362761
7,97,-0.164681691,0.243663923,2.216147708
7,98,-0.27383742,0.125235874,2.231044974
7,99,0.118073492,-0.279434659,2.239447036
8,0,-0.012885623,0.011237403,0.056127417
8,1,0.024756621,0.004562325,0.087990077
8,2,-0.029338165,0.021580604,0.138019019
8,3,-0.009151511,0.053128553,0.228088047
8,4,0.019056751,-0.055113811,0.253187939
8,5,0.017044484,0.064102052,0.300811704
8,6,0.026046643,0.062452506,0.309266705
8,7,0.005695518,0.069162644,0.3195896
8,8,0.037689186,-0.058632165,0.322278121
8,9,-0.007476837,-0.069866036,0.325044735
8,10,-0.057253239,0.047373601,0.351956157
8,11,-0.070447346,0.026618433,0.357763085
8,12,0.051862268,-0.060980894,0.39000893
8,13,0.059540062,0.057349743,0.407836613
8,14,0.0363946,0.082790352,0.461030145
8,15,0.090176825,0.023117532,0.479087236
8,16,0.02088964,0.09680556,0.521973017
8,17,-0.098956328,-0.008796716,0.523739039
8,18,-0.106776421,2.68E-04,0.578916864
8,19,-0.027306081,0.103394903,0.581381963
8,20,-0.060211622,-0.092326694,0.609859676
8,21,0.027367184,-0.116815657,0.682409653
8,22,-0.055474704,-0.11267287,0.731225857
8,23,0.064295155,-0.113916274,0.77531705
8,24,0.13399029,-0.033024428,0.829085149
8,25,0.15084117,-0.001201534,0.933194264
8,26,0.127240137,0.078594266,0.936082041
8,27,0.004348171,0.154234682,0.962292365
8,28,0.033877818,0.154639896,0.999806269
8,29,-0.072129829,-0.145794014,1.047614161
8,30,0.157713224,0.04805834,1.059402575
8,31,0.114024465,0.132085032,1.162528693
8,32,-0.135317927,0.111494468,1.16972772
8,33,-0.141724184,0.104244849,1.173636833
8,34,-0.102189873,0.149165554,1.216624953
8,35,0.181091608,-0.031996777,1.218543424
8,36,0.087516589,-0.160143753,1.2265016
8,37,0.068634483,0.18095593,1.31494936
8,38,-0.019026197,0.197622106,1.341036848
8,39,-0.120032838,-0.15433089,1.35353652
8,40,-0.048588132,0.196287088,1.381008996
8,41,-0.137271128,-0.145111484,1.39502945
8,42,0.203987966,0.039979946,1.42595484
8,43,-0.089385273,0.199088077,1.539311141
8,44,0.067948425,-0.210666736,1.55320323
8,45,0.089861013,-0.203694063,1.577272318
8,46,-0.227789103,0.013604308,1.589161054
8,47,-0.072335406,-0.217293198,1.620205044
8,48,0.214312364,-0.089708353,1.659276128
8,49,0.097277531,-0.210582581,1.661319351
8,50,0.236214682,-0.019058242,1.662015037
8,51,-0.230833431,-0.049404865,1.665493374
8,52,0.185214053,0.136644928,1.668823292
8,53,0.201535654,-0.117689691,1.686716588
8,54,0.126609268,-0.195766929,1.689860286
8,55,0.216621383,0.094335494,1.695496823
8,56,0.099230675,-0.214755243,1.701452368
8,57,0.120995427,-0.203552474,1.717994666
8,58,-0.115440661,-0.209970794,1.738285605
8,59,0.036298472,-0.244266832,1.747618983
8,60,-0.001910914,0.251971452,1.779953384
8,61,0.23060042,0.089103346,1.782133006
8,62,-0.215625615,-0.116556649,1.785296171
8,63,-0.161996449,0.180427117,1.785650874
8,64,-0.234208551,-0.083599914,1.789927299
8,65,0.119124685,0.215115419,1.793688333
8,66,-0.096945138,-0.23035041,1.810179636
8,67,-0.256505482,-0.012551111,1.81875631
8,68,-0.257297418,-0.00222658,1.821686288
8,69,-0.074143801,0.248882995,1.870809542
8,70,0.148411623,-0.206860834,1.885561864
8,71,-0.251793683,0.076307763,1.899187129
8,72,0.24337961,0.095289994,1.900908159
8,73,-0.21550435,0.140221552,1.90176753
8,74,-0.260018543,0.05818274,1.912144833
8,75,0.10032884,-0.245134751,1.932875713
8,76,-0.106850612,0.242456369,1.939186532
8,77,-0.151696422,-0.212219281,1.94014512
8,78,-0.167612093,-0.200492119,1.951417625
8,79,-0.2420726,0.113610905,1.964460863
8,80,0.248521615,0.103592941,1.970080663
8,81,0.180078297,-0.194330837,1.985613876
8,82,0.067469634,-0.267250123,1.988602235
8,83,-0.152259932,0.22232148,2.011634657
8,84,-0.210571715,-0.167745296,2.018186468
8,85,0.032778464,0.281536791,2.025646795
8,86,0.288091702,-0.012945624,2.055523707
8,87,-0.243544639,-0.131916111,2.055885079
8,88,-0.190515824,-0.199400243,2.079962463
8,89,-0.003393749,0.29215569,2.081559965
8,90,0.177820323,-0.214142848,2.09824237
8,91,0.208200937,0.184432405,2.098717832
8,92,-0.293388911,-0.043268607,2.124912479
8,93,0.299413053,-0.009511378,2.133977532
8,94,-0.299730974,0.022029894,2.143448968
8,95,0.280200854,-0.090410105,2.146918485
8,96,0.302034395,-0.011636767,2.152916814
8,97,0.082095467,-0.28697199,2.168050657
8,98,0.298051151,-0.058519202,2.184954886
8,99,-0.305080507,-0.031115635,2.188793261
9,0,0.012572477,-0.003096424,0.041081416
9,1,0.033104954,-0.02997556,0.178729759
9,2,-0.03907633,0.030631619,0.205007752
9,3,-0.044115264,-0.028072757,0.219349007
9,4,0.049683789,0.040694219,0.288510493
9,5,0.067025572,-0.01687444,0.31803306
9,6,-0.072536116,0.011361664,0.345127586
9,7,0.088711986,-0.02791691,0.478717342
9,8,0.10429924,-0.010646939,0.564548769
9,9,0.1049879,0.009157284,0.568591382
9,10,-0.107080268,0.008698225,0.584011185
9,11,-0.012228347,0.116977101,0.662610388
9,12,0.091778486,0.073397252,0.668378012
9,13,-0.045584206,0.110738894,0.682925719
9,14,0.100178495,-0.071376772,0.712437378
9,15,-0.108123651,0.059540696,0.71439986
9,16,0.027593646,0.122601103,0.727786456
9,17,-0.104663939,0.072577089,0.748182181
9,18,-0.12690682,-0.019443429,0.74884501
9,19,-0.008137502,0.129302418,0.757566501
9,20,0.088798183,0.092864178,0.758688844
9,21,-0.0170783,0.131218596,0.780576474
9,22,-0.131934957,0.012087836,0.78153753
9,23,0.012585454,-0.138707126,0.837252503
9,24,-0.114831475,0.077810574,0.843477082
9,25,-0.128125327,0.059144987,0.860127322
9,26,0.03800477,-0.139481991,0.884593135
9,27,0.096594128,-0.115012671,0.944599306
9,28,0.008375513,-0.153312716,0.956092939
9,29,0.128716872,0.081572851,0.961138537
9,30,-0.037737616,0.150077126,0.970390982
9,31,0.098487184,-0.117516497,0.972216516
9,32,0.149716785,-0.040569115,0.974132595
9,33,0.093602797,-0.121917713,0.974865097
9,34,-0.105106597,0.112505304,0.978318607
9,35,-0.159474804,0.002940858,1.006289644
9,36,-0.116684493,0.106533467,1.014146342
9,37,-0.101644569,0.122964902,1.027270274
9,38,0.01160077,-0.167441556,1.07769092
9,39,0.032589028,-0.171672007,1.140043513
9,40,-0.091116513,-0.148719184,1.156435556
9,41,0.044678085,-0.175082068,1.194592459
9,42,0.180494359,0.024729876,1.202208143
9,43,-0.001847161,-0.185347625,1.226938346
9,44,0.096360453,-0.155433294,1.233125561
9,45,0.124072611,-0.134486592,1.240499781
9,46,0.046999781,0.180636776,1.246716416
9,47,0.190430932,-0.005741043,1.271177667
9,48,0.062444855,0.180993093,1.294269469
9,49,0.155464864,0.110566634,1.308201324
9,50,-0.04566292,-0.188782049,1.311433407
9,51,-0.124309253,0.146026218,1.320577235
9,52,-0.163316476,0.103133571,1.326859049
9,53,-0.008545831,-0.198226131,1.338660922
9,54,-0.187434058,-0.063560305,1.350579683
9,55,0.133528302,0.14354633,1.360791768
9,56,-0.191017785,0.061251159,1.372627748
9,57,-0.144964252,0.135774994,1.38452785
9,58,-0.197396331,-0.049550337,1.392592704
9,59,-0.2008385,-0.038809449,1.397363497
9,60,-0.068879402,-0.191648764,1.402566172
9,61,0.206139388,-0.007346798,1.405267438
9,62,-0.194763747,0.062620579,1.407530061
9,63,0.212102033,0.021809174,1.465933791
9,64,-0.020887831,-0.215685672,1.494903474
9,65,-0.103173118,-0.188110427,1.515365612
9,66,-0.201154551,-0.091858571,1.565694176
9,67,-0.226745973,-0.012670483,1.580001087
9,68,0.157890949,-0.153214659,1.581802475
9,69,0.013939271,0.228142537,1.592281879
9,70,-0.195497652,-0.108023798,1.594587776
9,71,0.081243225,-0.214133054,1.62592361
9,72,-0.139239858,0.177011756,1.625982365
9,73,-0.172358033,-0.146143381,1.634812884
9,74,0.134343769,0.185119449,1.655215284
9,75,-0.249216545,-0.005902454,1.758870262
9,76,0.204038859,-0.130159859,1.768195895
9,77,0.12631938,0.209027475,1.784575492
9,78,-0.252015726,-0.037203902,1.809804862
9,79,-0.114846509,0.220542186,1.813532589
9,80,0.255130766,-0.022628959,1.815571161
9,81,0.022420206,0.257202274,1.831463994
9,82,-0.153029009,0.196923252,1.843356884
9,83,-0.144915268,0.211599703,1.899352946
9,84,0.248428502,-0.085789961,1.904536017
9,85,0.069529128,0.255657213,1.908405063
9,86,0.101444918,0.241939738,1.913854975
9,87,0.269191278,0.009986712,1.914908433
9,88,-0.191154337,0.172235413,1.9180101
9,89,0.006090045,-0.270581389,1.924126606
9,90,-0.047629576,-0.26767211,1.947093435
9,91,-0.178009411,-0.191277446,1.953724414
9,92,0.268934207,-0.050643634,1.962312305
9,93,-0.145321643,0.220602041,1.96359153
9,94,0.282550427,-0.00287579,2.012344093
9,95,0.283287446,-0.004801996,2.018005848
9,96,-0.024961797,-0.283199888,2.028997658
9,97,-0.077879148,-0.268985985,2.029909361
9,98,0.184427452,-0.199791828,2.046050906
9,99,0.125743846,-0.248275699,2.06066647
10,0,0.02586672,-0.006250073,0.094019053
10,1,-0.033564596,-0.015413957,0.140432712
10,2,-0.004330761,0.038261714,0.147918558
10,3,0.005029897,-0.046591176,0.189983532
10,4,-0.041332238,0.079514825,0.455539523
10,5,0.094513196,0.006822054,0.490386301
10,6,0.0914306,0.030683016,0.503703606
10,7,0.111110879,0.011043334,0.616328449
10,8,0.061184558,-0.097326123,0.646981458
10,9,0.0542903,0.10553917,0.675622413
10,10,0.082379888,0.085889093,0.680760154
10,11,0.014626999,-0.119261756,0.682728955
10,12,0.118738292,-0.029618266,0.701692995
10,13,0.124810785,-0.014414151,0.726354605
10,14,-0.0525285,0.116020737,0.745110839
10,15,-0.049521704,0.120154193,0.765806856
10,16,-0.054221378,0.11800187,0.765833655
10,17,-0.108135861,-0.073701287,0.777194531
10,18,-0.115029035,0.067008756,0.794919236
10,19,-0.06579047,-0.124909569,0.862032589
10,20,0.098611259,0.101098383,0.866922014
10,21,-0.042427075,0.141019554,0.908123489
10,22,0.036402019,-0.145088524,0.926443497
10,23,0.153395742,-0.010736773,0.958173346
10,24,0.090562712,-0.123358293,0.968497235
10,25,-0.148592747,-0.043122833,0.97138934
10,26,0.128464999,-0.09353067,1.020402662
10,27,-0.070805744,0.143521472,1.024492649
10,28,-0.102914953,-0.128831037,1.07493198
10,29,-0.011501725,0.167371483,1.077028054
10,30,0.136974841,-0.093433164,1.081112738
10,31,-0.123434463,0.111804623,1.09076018
10,32,0.060586697,-0.157216045,1.094389742
10,33,0.040848495,0.165539996,1.105785666
10,34,-0.001622033,0.171264284,1.106477105
10,35,0.172204133,-0.008041806,1.116278165
10,36,0.030038022,0.173901627,1.154385889
10,37,-0.016708376,-0.177792607,1.170014468
10,38,-0.178194722,0.031051387,1.192413212
10,39,-0.172853879,-0.054730525,1.203355368
10,40,-0.181427873,0.021992362,1.206633299
10,41,0.00271034,0.183351726,1.209974221
10,42,0.181622454,-0.032633824,1.224150214
10,43,-0.060967721,-0.175442712,1.244028093
10,44,0.190703661,-0.026249469,1.290949269
10,45,0.087623886,-0.17243033,1.322609336
10,46,-0.188835107,-0.058116205,1.345206531
10,47,-0.041739698,0.194150769,1.347436668
10,48,-0.116397378,-0.160310954,1.375833809
10,49,0.12283839,0.155359772,1.37719131
10,50,-0.206906418,-0.025575503,1.426813717
10,51,0.208882435,0.005770844,1.427907319
10,52,0.211705239,0.009606196,1.453141034
10,53,-0.171376603,-0.12305712,1.493323825
10,54,0.209622623,0.051013692,1.497104976
10,55,0.153742382,-0.151290823,1.542198828
10,56,-0.094754653,-0.196865252,1.54464899
10,57,-0.19676813,-0.094994854,1.544936426
10,58,-0.07707632,0.209197657,1.572017905
10,59,0.202623607,-0.091613594,1.576118003
10,60,0.135273234,-0.173529443,1.578403107
10,61,0.02087044,-0.226004604,1.580353497
10,62,-0.077630895,-0.211263012,1.590356771
10,63,-0.081260125,0.213914993,1.624271459
10,64,0.231008,-0.034166655,1.638121343
10,65,0.221942058,0.066660361,1.639410869
10,66,0.075557897,-0.21971998,1.65004643
10,67,0.234937273,0.02431171,1.656839759
10,68,-0.200148589,-0.115112153,1.663748583
10,69,0.226184425,0.070533482,1.68475806
10,70,-0.132103965,0.191292782,1.686954904
10,71,-0.044846705,-0.236937566,1.70467408
10,72,0.238104207,-0.041202529,1.707040903
10,73,0.014974398,0.250435828,1.772617193
10,74,-0.06585519,0.240100104,1.779719007
10,75,0.012963634,-0.254683947,1.804767604
10,76,-0.23368511,0.091201361,1.813291937
10,77,0.244061271,0.075788343,1.839327453
10,78,-0.157210071,0.196997885,1.86787308
10,79,-0.123045571,0.224201939,1.878245389
10,80,-0.266307167,-0.020196697,1.899349333
10,81,-0.171110551,-0.198010049,1.955726228
10,82,-0.212410118,-0.157153469,1.971278182
10,83,-0.008131764,0.277630218,1.977331763
10,84,-0.061702462,-0.267692452,1.977441452
10,85,-0.270035351,0.05459058,1.978569489
10,86,-0.215471866,-0.155313284,1.981803209
10,87,-0.188626298,0.18639273,1.988323922
10,88,0.211073513,0.16253083,1.99218715
10,89,-0.227810811,0.144775922,2.010182655
10,90,0.141033826,-0.231268151,2.01508668
10,91,-0.235600896,0.135040453,2.015740625
10,92,0.228993772,-0.146601935,2.027514064
10,93,0.243672862,-0.132109124,2.057656962
10,94,0.225508248,-0.15825461,2.064634498
10,95,0.22866909,-0.155385204,2.070551501
10,96,0.290084081,0.019899616,2.074110198
10,97,-0.275282418,0.077977281,2.075056964
10,98,-0.112879842,-0.262369125,2.104240887
10,99,0.250645538,-0.132984784,2.109294087
11,0,0.035873169,0.003519456,0.136183067
11,1,0.045766365,0.006016168,0.186324758
11,2,-0.025042966,0.044587781,0.213013233
11,3,0.01465308,0.052304453,0.230418026
11,4,0.039360635,-0.042182138,0.249894613
11,5,0.011742375,-0.057898443,0.257483313
11,6,-0.039190333,0.052849965,0.298070975
11,7,-0.058112715,-0.032176891,0.301789764
11,8,-0.060486503,-0.030206313,0.309031161
11,9,-0.088987454,-0.007256688,0.451538223
11,10,-0.086067529,-0.030172606,0.466059302
11,11,0.003195558,0.09224679,0.472779422
11,12,0.069078957,-0.062692308,0.482761164
11,13,0.080690657,-0.065679797,0.562752503
11,14,0.068237449,0.08318901,0.590081844
11,15,0.089563512,0.077292074,0.674902173
11,16,-0.105854264,0.058560879,0.694467949
11,17,-0.111982681,0.066463469,0.770825893
11,18,0.031251183,0.12965916,0.790746491
11,19,-0.099476813,0.089190681,0.801618281
11,20,-0.048786297,0.12724888,0.817678749
11,21,-0.104283887,0.088441474,0.828046577
11,22,-0.126506535,-0.059865717,0.850541548
11,23,0.100485249,0.102491735,0.886889411
11,24,-0.059790798,0.136632004,0.928064137
11,25,0.132802159,0.068269877,0.9316928
11,26,0.129569985,0.078572401,0.953082084
11,27,-0.001086498,-0.153626054,0.956619193
11,28,0.060972458,-0.140864673,0.965473308
11,29,-0.074104972,-0.134693545,0.970971486
11,30,0.14204506,-0.0621019,0.978898364
11,31,-0.107768388,0.111322614,0.987054017
11,32,0.02297397,0.157881795,1.008374248
11,33,-0.150064544,0.054741625,1.017223904
11,34,0.163061434,0.003553295,1.036856988
11,35,0.110922232,0.11732467,1.045168459
11,36,0.151785796,-0.059122229,1.04564386
11,37,0.045065095,0.158786093,1.060153253
11,38,0.168375367,-0.002035929,1.081863114
11,39,-0.144720279,0.082684844,1.085798718
11,40,-0.056680174,-0.158140457,1.088848349
11,41,0.040309138,-0.167501753,1.120920799
11,42,0.162755456,-0.069557851,1.171427678
11,43,0.18369518,0.031528129,1.239753002
11,44,0.16269087,0.086622959,1.242156989
11,45,0.17676441,0.06256587,1.260074106
11,46,-0.078635508,-0.169798599,1.263500055
11,47,-0.106948724,0.157740559,1.305288514
11,48,0.19030318,-0.038489716,1.308414415
11,49,0.194552024,0.063950994,1.409974402
11,50,0.181080757,-0.092482847,1.411814566
11,51,-0.157900848,-0.127097719,1.420211839
11,52,0.042712009,-0.205365369,1.4430099
11,53,0.1432851,-0.149101591,1.460032523
11,54,0.20176137,-0.066285926,1.476036406
11,55,0.019452965,-0.218375426,1.515897494
11,56,-0.225279169,0.016755214,1.570739975
11,57,0.107037419,0.198764234,1.614649563
11,58,-0.233978199,1.32E-04,1.635558471
11,59,0.145268597,0.181257439,1.690816799
11,60,-0.092351638,-0.219230283,1.707597974
11,61,-0.140183265,-0.192440398,1.7396835
11,62,-0.115116431,-0.210435409,1.740189845
11,63,-0.024744138,-0.245730174,1.743831527
11,64,0.25175206,0.005517299,1.778803564
11,65,0.029362463,-0.25401054,1.81427091
11,66,0.242820143,0.071513093,1.816913988
11,67,0.191252422,0.160956856,1.851260169
11,68,-0.002446945,-0.263614439,1.870520028
11,69,-0.205500644,0.152621442,1.899485863
11,70,-0.128036928,-0.225753441,1.913090752
11,71,0.002456716,-0.273500372,1.945415824
11,72,-0.277044193,0.00797776,1.972945515
11,73,0.130475442,-0.233465883,1.979153081
11,74,-0.120970392,0.240289112,1.983657768
11,75,0.194122239,0.180971268,1.989679927
11,76,0.062412626,0.276996282,2.046639421
11,77,0.285869673,0.03233035,2.056328797
11,78,-0.286542349,0.029653842,2.057992401
11,79,-0.191863077,0.195956873,2.066920318
11,80,0.290192195,-0.006290685,2.068114528
11,81,-0.270335307,0.094512252,2.092060153
11,82,0.145639146,-0.24014921,2.098056687
11,83,-0.266047724,0.10517831,2.100149938
11,84,0.295410996,0.015219239,2.108671779
11,85,0.206262483,-0.189963352,2.118959785
11,86,6.35E-04,0.298352668,2.124936986
11,87,0.024160572,0.299916582,2.146535074
11,88,-0.277908361,0.095310302,2.147152782
11,89,0.126252798,-0.260898782,2.149122006
11,90,-0.299782128,0.029636714,2.150994707
11,91,0.163668465,0.23452979,2.152202616
11,92,0.292738908,-0.061757197,2.155643816
11,93,-0.122036019,0.26467969,2.156970448
11,94,-0.258955137,0.134951753,2.173946627
11,95,-0.229503526,0.173967253,2.174556087
11,96,-0.198804848,-0.212141225,2.206223173
11,97,-0.220087876,0.192588709,2.218764569
11,98,0.14881925,0.260047987,2.244157631
11,99,-0.017746339,0.31635904,2.252370032
12,0,-0.005844083,0.002590929,0.019169074
12,1,0.026196501,0.012843851,0.105048968
12,2,-0.043090918,0.007046946,0.173489623
12,3,-0.026993443,-0.045165042,0.221137916
12,4,-0.064612869,0.019241894,0.307546021
12,5,-0.056681403,0.045456201,0.341236744
12,6,0.058757948,-0.048363592,0.363671083
12,7,0.044973552,0.065624374,0.386496307
12,8,0.008321947,0.085322276,0.426881025
12,9,0.013430092,0.08663194,0.440420861
12,10,0.091475049,0.009452885,0.470472143
12,11,-0.046395029,-0.080261616,0.477853349
12,12,-0.097330344,0.002970768,0.509244874
12,13,-0.091560447,0.033429309,0.51141524
12,14,-0.086401158,0.054935456,0.549571261
12,15,-0.030560561,-0.100989645,0.570872288
12,16,-0.074682368,-0.086430108,0.642236288
12,17,0.053676778,-0.101796301,0.647068562
12,18,0.102981484,0.077625762,0.76190566
12,19,0.139971515,-0.006050606,0.843736337
12,20,0.13449303,-0.04093741,0.851911555
12,21,0.141643132,-0.018374425,0.867180296
12,22,-0.136175001,0.056232915,0.911822296
12,23,0.14496701,-0.035909801,0.924350072
12,24,-0.113659479,0.095879586,0.931501063
12,25,0.064325761,-0.135011434,0.932684573
12,26,0.158863552,-0.038486644,1.044776095
12,27,-0.13031941,0.096162647,1.047764131
12,28,0.085072099,-0.138517333,1.050423878
12,29,0.01517995,-0.164293493,1.053734004
12,30,0.138335476,0.087361947,1.060277443
12,31,-0.17397464,6.43E-04,1.129572521
12,32,-0.167000517,-0.064347732,1.186621464
12,33,-0.116992676,-0.134089649,1.194147419
12,34,-0.126681578,-0.12553718,1.198316547
12,35,0.141918558,-0.111947261,1.218603222
12,36,0.121323552,-0.134053368,1.220467351
12,37,-0.155532166,-0.096733586,1.235746256
12,38,-0.0697951,-0.172106293,1.247515212
12,39,0.158505153,0.097636459,1.262710359
12,40,0.003429436,0.192915791,1.29182146
12,41,-0.079401364,-0.175962913,1.315629194
12,42,0.174156614,-0.085981253,1.328947226
12,43,-0.198533441,-0.005252486,1.340092774
12,44,-0.102786612,0.167216125,1.354474345
12,45,-0.196321929,0.037420103,1.356848679
12,46,-0.149466415,-0.126588368,1.358209387
12,47,-0.201171965,-0.038489096,1.399526948
12,48,0.203296618,0.042674764,1.425740547
12,49,0.107244339,-0.179413665,1.469085478
12,50,0.018619922,0.212886445,1.469327751
12,51,0.097364014,0.187592806,1.484402957
12,52,0.139472306,0.158747176,1.500939885
12,53,-0.111033725,0.193980934,1.59766894
12,54,0.019653964,-0.230026436,1.612188641
12,55,-0.14109498,-0.174291259,1.617925702
12,56,-0.017292184,0.232070914,1.626873751
12,57,0.196725048,0.113110295,1.628398429
12,58,-0.010589784,0.232794013,1.628474022
12,59,0.059591417,-0.225333401,1.646410598
12,60,-0.120719887,0.19406436,1.646820833
12,61,-0.074204069,-0.222468795,1.667203862
12,62,0.217167821,0.087157785,1.67157914
12,63,-0.132829692,-0.188635144,1.671896221
12,64,0.23747218,-0.027774169,1.681366519
12,65,-0.227907537,-0.068079303,1.690864508
12,66,0.224214706,-0.082007783,1.707407128
12,67,-0.236973717,0.065733187,1.75509439
12,68,0.248143636,-0.022793871,1.760921755
12,69,0.003117978,0.253205803,1.789793125
12,70,0.207955946,0.132722559,1.809550517
12,71,0.181420013,-0.165517558,1.813773066
12,72,0.237581398,0.084804492,1.819765554
12,73,-0.198937596,-0.150960876,1.845359374
12,74,0.217653975,-0.128930254,1.859672394
12,75,0.257777896,0.052541329,1.882627376
12,76,0.20353135,0.159412401,1.924371431
12,77,0.140696697,-0.220853379,1.941468196
12,78,-0.095246879,-0.252353397,1.966457114
12,79,-0.167512485,0.205480754,1.983538775
12,80,0.075932783,0.26423991,1.989925566
12,81,0.249367934,0.113983063,2.017909805
12,82,0.17346091,-0.206247702,2.022755581
12,83,-0.176797014,-0.203996104,2.027664002
12,84,0.279058608,0.046075128,2.027843125
12,85,0.172366348,-0.209138306,2.035127893
12,86,-0.282996902,-0.058770785,2.081139585
12,87,0.293024088,0.0196263,2.094748008
12,88,0.00820473,-0.299402718,2.133478139
12,89,0.176206885,-0.223064069,2.14588901
12,90,0.215705286,0.186204795,2.155675185
12,91,0.075624101,0.295671399,2.209088694
12,92,0.306946344,-0.060074637,2.24763232
12,93,-0.321491998,0.017338322,2.285482704
12,94,-0.24537643,0.180898727,2.310066259
12,95,-0.077676394,-0.311378563,2.317112885
12,96,0.317367693,-0.06461618,2.324545087
12,97,-0.098520124,0.30383235,2.328682245
12,98,-0.28111436,-0.137671432,2.329248922
12,99,-0.055325966,-0.321421616,2.331715108
13,0,0.010689583,0.007974185,0.042450846
13,1,-0.003256882,0.017256929,0.057863717
13,2,0.016331459,0.018675929,0.086494737
13,3,-0.057841893,0.002568099,0.250606988
13,4,-0.016838814,-0.057110015,0.260254448
13,5,0.01182702,0.06459114,0.296656838
13,6,-0.063114704,0.043465977,0.3670486
13,7,0.030491245,-0.071524294,0.373923691
13,8,-0.004658944,-0.085567488,0.426598677
13,9,0.070706758,-0.049130416,0.431320465
13,10,-0.084463623,0.041482031,0.48754889
13,11,0.088700361,-0.037199502,0.502325382
13,12,0.100673171,0.016735545,0.544029652
13,13,-0.105127096,-0.006236017,0.567954258
13,14,-0.068179664,0.083855741,0.59378445
13,15,0.062936916,-0.088635323,0.598335937
13,16,0.102132269,-0.047871094,0.628489515
13,17,-0.016189736,0.119554499,0.68670459
13,18,0.119910556,0.025700324,0.703307721
13,19,0.035650829,0.118596295,0.714133971
13,20,-0.130049719,0.032053858,0.795528004
13,21,-0.142657394,-0.02835162,0.890284521
13,22,-0.139449585,-0.059760054,0.949963751
13,23,0.070318721,0.144299592,1.028538527
13,24,-0.150465895,0.06733396,1.065053343
13,25,-0.1606595,-0.05158065,1.093679234
13,26,0.170824846,0.012067515,1.106828719
13,27,0.167421207,-0.0499702,1.1447682
13,28,-0.063202852,-0.166428552,1.177999051
13,29,0.137076001,-0.112344769,1.186950741
13,30,0.174003758,0.046779203,1.190864232
13,31,0.086502601,0.159301268,1.215328014
13,32,0.053677421,0.175227875,1.219865496
13,33,0.015899797,-0.185860082,1.238092683
13,34,0.171504389,-0.071714662,1.249837362
13,35,-0.023674216,0.186936752,1.255557689
13,36,0.128337758,-0.133224098,1.259093183
13,37,-0.066438962,-0.17844115,1.286848417
13,38,-0.150574685,-0.117777959,1.313735383
13,39,-0.189749152,-0.054880303,1.343398731
13,40,0.175533165,-0.089199886,1.353869272
13,41,-0.15223515,-0.126444396,1.376599196
13,42,0.118237072,0.165216846,1.421748066
13,43,-0.077157473,0.192401614,1.438257645
13,44,0.175304488,-0.10742496,1.438993793
13,45,-0.032287459,-0.208358975,1.448625224
13,46,-0.163481072,-0.13057921,1.480083136
13,47,0.149595375,-0.147071442,1.487703247
13,48,-0.158888676,0.139698401,1.5033017
13,49,-0.200763686,0.079548732,1.513945034
13,50,0.14789519,0.153704624,1.520078717
13,51,0.196050901,0.095127828,1.539950665
13,52,0.195595232,-0.101631351,1.565469238
13,53,-0.168763926,-0.143597846,1.594772403
13,54,0.228167512,-0.027852352,1.606010558
13,55,-0.176795908,0.136922566,1.610984654
13,56,-0.226637877,-0.04771505,1.628061657
13,57,0.09908246,0.208404195,1.652316153
13,58,0.226232028,-0.061136852,1.657753681
13,59,-0.186423565,0.13544314,1.67064389
13,60,0.230160952,0.061577188,1.690136478
13,61,0.133912432,0.190359658,1.69017716
13,62,-0.102735334,0.215786335,1.724225243
13,63,0.107220436,-0.215103453,1.738729749
13,64,-0.183279063,0.152007149,1.744489473
13,65,0.195067365,-0.140544714,1.760162036
13,66,-0.194291445,0.143839318,1.773125357
13,67,0.141542624,-0.197376088,1.781890676
13,68,0.206954791,-0.133035909,1.804031708
13,69,-0.057182574,0.247827346,1.817025025
13,70,0.251207889,-0.049641733,1.826262313
13,71,0.094081759,0.23680233,1.847506289
13,72,-0.263972935,-0.007246886,1.874232688
13,73,-0.214442427,-0.136689845,1.876046566
13,74,-0.011775738,0.264914642,1.883215817
13,75,0.05511727,-0.257623641,1.887094501
13,76,0.218388334,-0.133755459,1.888962758
13,77,-0.012097011,0.265653679,1.889011881
13,78,0.180570983,0.180944404,1.90420448
13,79,0.071113759,0.256109175,1.916208997
13,80,-0.198414294,-0.165573537,1.925872606
13,81,0.151389075,0.216852173,1.969985213
13,82,0.13008516,0.234806052,1.986697507
13,83,-0.230224783,0.137349228,1.989709986
13,84,0.197913498,0.17756872,1.993360296
13,85,-0.077063364,-0.264874916,1.997840333
13,86,-0.058674727,0.272586805,2.006185763
13,87,0.12085249,-0.246004744,2.023407852
13,88,0.093811864,-0.26536797,2.054733407
13,89,0.281187246,-0.063010474,2.077905596
13,90,-0.180198446,-0.209020918,2.079363996
13,91,-0.106055385,0.264486251,2.092587762
13,92,0.272707867,0.091246901,2.097745512
13,93,0.033978045,-0.296565276,2.133813397
13,94,-0.069276649,0.291091584,2.161933916
13,95,-0.003139613,0.305086083,2.171531975
13,96,-0.032627826,0.30476668,2.188397396
13,97,0.094150638,0.287476818,2.208165542
13,98,0.288670005,0.103504672,2.247104073
13,99,-0.026477867,-0.317858178,2.268878912
14,0,0.012542283,-8.89E-04,0.039768472
14,1,0.011625758,-0.0207375,0.082233466
14,2,-0.015439624,0.020345789,0.089534834
14,3,-0.016118494,0.024200716,0.104626305
14,4,0.014509692,-0.034808886,0.144138578
14,5,0.043220143,-0.019145357,0.192236329
14,6,0.042029955,0.031761478,0.221543086
14,7,8.88E-04,-0.054926705,0.233764711
14,8,0.037187114,-0.043191125,0.245862349
14,9,0.054980233,0.022123709,0.258742802
14,10,-0.008087265,-0.063582026,0.287096956
14,11,0.06765557,-0.022677528,0.332259436
14,12,0.078141956,-0.023268303,0.398820634
14,13,0.013789907,-0.083439894,0.419094246
14,14,0.084837799,-0.034175191,0.468159524
14,15,-0.054787898,-0.074936353,0.479202793
14,16,-0.04165613,-0.089204972,0.519251455
14,17,0.09740267,-0.023782616,0.531202779
14,18,0.065020903,0.076552377,0.535536868
14,19,0.089564802,0.06067793,0.594119058
14,20,-0.113138427,-0.006865652,0.629195639
14,21,-0.081308388,-0.079765043,0.639786502
14,22,-0.117639426,-9.76E-05,0.662497311
14,23,-0.137501003,-0.005765615,0.823274248
14,24,-0.107561412,0.086463178,0.838627121
14,25,0.008485978,-0.141210235,0.855111983
14,26,-0.060509792,-0.130213038,0.88119095
14,27,0.149265125,-0.02315784,0.936546916
14,28,-0.089609532,-0.122036713,0.954166125
14,29,0.082673227,0.132616808,0.995075095
14,30,0.121171177,-0.099889065,1.004966645
14,31,-0.01774686,-0.161808118,1.035164529
14,32,-0.048280882,0.154971796,1.037547653
14,33,-0.162796607,0.018745723,1.044603201
14,34,-0.094088731,0.137595034,1.08905446
14,35,0.071556851,0.151674286,1.091256705
14,36,0.134323339,-0.103362885,1.115942678
14,37,-0.152308621,-0.078916537,1.12715701
14,38,-0.171515283,-0.027736078,1.130456818
14,39,-0.123221858,-0.11940994,1.136680194
14,40,0.052227562,0.165976603,1.139289554
14,41,0.177937346,8.66E-05,1.163449513
14,42,0.179459733,-0.00553556,1.177326736
14,43,0.114796622,-0.141142752,1.229762587
14,44,-0.132324231,-0.130568503,1.267522391
14,45,0.030990596,-0.190105078,1.293053872
14,46,0.16330102,-0.099188012,1.306766157
14,47,0.188923664,-0.051077465,1.326200902
14,48,-0.161895022,-0.105265832,1.3272523
14,49,0.006641738,0.197318822,1.330190502
14,50,0.050018694,-0.191004118,1.340721077
14,51,0.114219595,0.16110793,1.369542079
14,52,-0.186450348,-0.077359165,1.391355254
14,53,0.18624735,-0.080228809,1.400884304
14,54,0.171417788,-0.111411745,1.430479226
14,55,0.208372686,0.022257154,1.435162716
14,56,0.08385992,0.194823694,1.483398152
14,57,-0.069459991,0.202119567,1.489253759
14,58,-0.202921822,-0.067820017,1.490359905
14,59,-0.030347081,-0.217004458,1.517574337
14,60,0.127648334,0.176483256,1.555873138
14,61,0.093073517,0.200621408,1.566641423
14,62,-0.206652254,0.087776592,1.592029785
14,63,0.116151085,-0.19122273,1.602489104
14,64,-0.216442994,0.072576395,1.614243803
14,65,-0.208865525,0.091107362,1.622590505
14,66,0.233707136,-0.036283925,1.663310886
14,67,0.208171636,-0.103632548,1.670455472
14,68,0.185868357,-0.136541705,1.672874155
14,69,-0.050084544,0.233858995,1.691157771
14,70,0.051688701,-0.234333036,1.698536194
14,71,-0.094674335,0.217552543,1.704002524
14,72,0.005598805,-0.243659893,1.714532298
14,73,0.088068604,0.222550693,1.716639327
14,74,-0.055741539,0.235662932,1.718619773
14,75,-0.165433468,0.167216905,1.720875142
14,76,-0.245472226,0.020344106,1.737438397
14,77,0.131167873,-0.199777783,1.742843746
14,78,0.084228335,0.227812097,1.743095161
14,79,-0.247215467,0.01611817,1.747913314
14,80,-0.013372474,0.247650427,1.749595479
14,81,0.170143007,0.168145983,1.757027481
14,82,0.079092022,-0.233219838,1.767026161
14,83,0.113831844,0.215621666,1.772581324
14,84,0.095832612,-0.226080566,1.773582234
14,85,-0.168797079,-0.172884307,1.778788673
14,86,-0.058879501,0.244598098,1.796204882
14,87,-0.245185532,0.074843765,1.84495631
14,88,-0.15300602,0.197646369,1.848150714
14,89,-0.261328659,-0.013778695,1.856782317
14,90,0.248616913,-0.070407197,1.857853043
14,91,-0.033843526,0.259210163,1.860373082
14,92,0.104211223,0.237357148,1.89128435
14,93,0.254041181,0.069357511,1.895817804
14,94,0.191861815,0.169181889,1.904254138
14,95,0.267138288,0.020494447,1.905899637
14,96,-0.214206152,-0.151393428,1.952023772
14,97,0.034743535,-0.27244714,1.961537087
14,98,0.159910864,0.20936329,1.966173091
14,99,-0.025017991,0.27709522,1.984434884
15,0,0.035414089,-0.019810357,0.158113443
15,1,-0.016569327,-0.039443008,0.169087267
15,2,0.005870054,0.058737124,0.257149953
15,3,-0.059492264,-0.00229344,0.260076074
15,4,0.060416997,-0.042724004,0.349818033
15,5,0.041308054,-0.062773948,0.357240514
15,6,-0.001833008,-0.075384576,0.357823096
15,7,0.035832495,-0.075644281,0.414144653
15,8,-0.004987808,-0.086855673,0.435601623
15,9,-0.093989392,0.009119456,0.488079837
15,10,0.060897541,0.079099609,0.530787825
15,11,0.068767079,-0.077419998,0.559127997
15,12,0.105107036,0.017572415,0.577853494
15,13,0.073335235,-0.077598574,0.583867361
15,14,-0.025192348,0.105841983,0.595335098
15,15,0.049785267,0.097439448,0.6025979
15,16,-0.066906386,0.090289858,0.627198682
15,17,0.115561432,0.007507804,0.648286541
15,18,0.110805847,-0.0343609,0.65197196
15,19,0.1127933,0.04381198,0.692617868
15,20,-0.084079175,-0.089467683,0.711420138
15,21,-0.111522721,0.054207802,0.718174002
15,22,0.097742613,0.075876111,0.718816076
15,23,-0.050293599,0.128212866,0.829949782
15,24,0.138958721,-0.02964296,0.862437776
15,25,-0.11149999,0.102085288,0.953610788
15,26,-0.10394851,0.112869776,0.97367059
15,27,0.091078371,-0.126583984,0.993996335
15,28,-0.067647675,-0.144520181,1.019526552
15,29,0.123276651,-0.101785573,1.03020945
15,30,0.132520476,-0.09863578,1.076895098
15,31,-0.168198367,-0.013278937,1.085342167
15,32,0.118787797,0.118119034,1.099827487
15,33,0.115397808,-0.128420863,1.146060166
15,34,0.117998211,-0.127040408,1.15290852
15,35,-0.118331623,-0.135404251,1.211252429
15,36,0.052403816,0.176218336,1.224417069
15,37,-0.138031334,0.118077834,1.227714074
15,38,0.185415615,-0.008386663,1.229342603
15,39,-0.153239471,0.100878652,1.239836085
15,40,0.189757503,0.014339529,1.270050965
15,41,-0.132473503,0.133501529,1.287539294
15,42,0.123811329,-0.14756676,1.328254369
15,43,-0.070632957,-0.182887139,1.337710222
15,44,0.183592073,0.098906868,1.460652273
15,45,0.069668564,0.201620412,1.485918639
15,46,0.190340307,-0.104446521,1.538415493
15,47,0.038921563,0.218949906,1.547779027
15,48,0.142184629,-0.164757536,1.558707858
15,49,0.145310013,0.162597424,1.563261535
15,50,-0.211012753,-0.071488847,1.567403539
15,51,0.097323225,-0.201451768,1.591276946
15,52,0.001221811,-0.23065439,1.6084105
15,53,-0.008701238,0.230920935,1.612316842
15,54,-0.01922442,-0.234514802,1.648378535
15,55,0.030366489,0.234520515,1.660967683
15,56,0.034346415,-0.233840062,1.661295136
15,57,-0.232889076,0.040736183,1.664448577
15,58,-0.207862697,-0.109613153,1.695254198
15,59,0.208205848,-0.11218791,1.70981304
15,60,0.102921264,-0.214620042,1.716208474
15,61,-0.22898193,0.082221804,1.74503538
15,62,0.07305388,-0.233303638,1.748226325
15,63,0.041243777,0.250206723,1.802443199
15,64,-0.125996627,-0.213735721,1.817008006
15,65,0.093377636,0.233201878,1.817827788
15,66,-0.003159129,-0.260015406,1.842882589
15,67,0.259188585,-0.017926727,1.843026273
15,68,0.066059298,-0.2491955,1.850136128
15,69,0.006319226,0.262918822,1.865886721
15,70,-0.262633843,-0.031889856,1.883895089
15,71,0.003385505,0.265348302,1.883902681
15,72,0.049783407,0.261751352,1.906947879
15,73,-0.094945842,-0.244689581,1.909292044
15,74,-0.176900604,0.18597679,1.913216026
15,75,-0.056773021,0.265618707,1.950711272
15,76,-0.001694081,0.276398925,1.966952985
15,77,0.248021364,-0.106526139,1.978026037
15,78,0.25937648,0.089583853,1.997520993
15,79,-0.2796637,0.047285608,2.034377459
15,80,0.278871644,0.053750457,2.041097833
15,81,-0.286369566,-0.010143331,2.041892322
15,82,-0.173450298,0.209762375,2.045346869
15,83,-0.123213986,-0.24849496,2.051077299
15,84,0.215261303,-0.169305055,2.057508594
15,85,0.27151517,-0.086383668,2.073739514
15,86,0.169102495,-0.218338187,2.076356081
15,87,-0.125677313,0.251303771,2.081262671
15,88,0.170098847,0.221497876,2.102289591
15,89,0.243051716,-0.14504807,2.11463062
15,90,0.290697079,-0.053158222,2.123639356
15,91,-0.29087882,0.053991826,2.126535521
15,92,0.175211254,-0.221102209,2.127919438
15,93,-0.173964178,-0.223543641,2.136616825
15,94,0.26182055,0.125008625,2.15007004
15,95,0.189119676,0.212183639,2.150567182
15,96,-0.280739841,-0.099177819,2.179451877
15,97,0.28652364,-0.091335691,2.192834998
15,98,-0.126647462,0.267560783,2.195389934
15,99,-0.283320562,-0.102350036,2.207675105
16,0,-0.010301456,0.00672612,0.03882408
16,1,-0.012945399,0.026147507,0.105053262
16,2,0.008145814,-0.030188258,0.114274544
16,3,-0.001416276,-0.035473352,0.133628348
16,4,0.027749544,-0.023266478,0.137041407
16,5,-0.037000349,-0.023219758,0.173699803
16,6,-0.060305105,0.015485053,0.276241388
16,7,0.035523065,-0.06721082,0.362750791
16,8,-0.004947136,-0.078866192,0.381543034
16,9,-0.065610785,-0.047412916,0.395946688
16,10,-0.046150385,0.069232702,0.411233644
16,11,-0.05891139,0.065464141,0.445395332
16,12,-0.001018654,-0.088940846,0.449120872
16,13,0.10314723,0.006088168,0.55310064
16,14,-0.023074319,-0.100947976,0.555561077
16,15,0.081489126,0.089828273,0.699171996
16,16,-0.018092092,0.12698321,0.747742534
16,17,-0.092090026,0.088487115,0.752239532
16,18,0.073394052,0.114628189,0.820897527
16,19,0.103222987,-0.089595045,0.827671403
16,20,-0.034077669,-0.134696245,0.837034144
16,21,0.142073303,-0.001390179,0.860012848
16,22,0.096967287,0.104294242,0.877061532
16,23,-0.146092531,-0.020026959,0.905986009
16,24,0.145313498,0.056465535,0.984819941
16,25,0.158083888,-0.004792102,0.994937062
16,26,-0.088674413,0.136097659,1.050309278
16,27,-0.1621805,0.036724626,1.068552044
16,28,0.089917139,0.139834155,1.08411309
16,29,0.03412429,0.17303603,1.154415099
16,30,0.156307537,-0.085095165,1.185744387
16,31,0.003016218,-0.181671345,1.195647332
16,32,-0.125247376,-0.12745912,1.201508711
16,33,-0.17146738,0.061268603,1.212498618
16,34,-0.116078787,-0.14591682,1.270845582
16,35,-0.035876032,-0.18968801,1.298141739
16,36,-0.195003947,0.019332638,1.319130873
16,37,-0.165480779,0.104600237,1.350650942
16,38,0.101011836,-0.168213321,1.353122114
16,39,-0.007094078,-0.206790996,1.410681749
16,40,0.181913498,-0.094323736,1.426588512
16,41,-0.03149747,0.206242313,1.429681262
16,42,-0.2107593,0.009788888,1.44527563
16,43,-0.192316488,-0.084001061,1.464110642
16,44,0.089703511,0.18967405,1.4668546
16,45,0.132762853,-0.159805083,1.467346131
16,46,-0.216890105,-0.049136936,1.552122966
16,47,-0.209931603,0.072375353,1.561704465
16,48,-0.191544587,-0.108596273,1.567450413
16,49,-0.210221985,-0.085818466,1.61232995
16,50,0.231449744,-0.00948564,1.61697633
16,51,0.236684421,-0.006475638,1.658530204
16,52,0.051035893,0.231626675,1.675495228
16,53,-0.032250093,-0.239201952,1.701241385
16,54,0.038162212,-0.239527339,1.713051843
16,55,0.186195715,0.14394118,1.717332384
16,56,-0.207108574,0.115622468,1.717942732
16,57,0.185977825,-0.145498222,1.724815521
16,58,-9.99E-04,-0.245320502,1.727141849
16,59,-0.246965597,-8.75E-04,1.740252742
16,60,0.187077131,-0.147417273,1.743538849
16,61,-0.04283162,0.243538527,1.75308508
16,62,-0.246999192,0.028513105,1.75824874
16,63,-0.169020447,-0.175000247,1.793827091
16,64,0.097424235,0.2284069,1.797462001
16,65,0.229895472,-0.094846311,1.798545966
16,66,-0.063113665,-0.244878657,1.809206504
16,67,0.123143996,-0.215872289,1.818511456
16,68,0.256685251,0.031760709,1.83809198
16,69,0.152442919,-0.198441285,1.850364117
16,70,0.260968891,-0.017298446,1.856294442
16,71,-0.199137434,-0.153119515,1.858950673
16,72,0.195414105,0.160497517,1.876327812
16,73,0.221727535,-0.129519436,1.891634968
16,74,-0.216636138,-0.139897153,1.907987809
16,75,0.091164668,-0.246682569,1.910263925
16,76,-0.267233258,0.033352983,1.920668584
16,77,0.238415528,-0.113162352,1.93628128
16,78,0.233830882,0.120869013,1.937273298
16,79,-0.026105045,0.273551146,1.959299351
16,80,-0.219228653,0.150886901,1.983443651
16,81,0.218332115,-0.152357337,1.985194038
16,82,-0.045699864,0.273915287,1.989694826
16,83,-0.102875467,0.25227619,1.994306424
16,84,-0.112976868,-0.250365731,2.020807592
16,85,0.167263436,-0.212045688,2.02511052
16,86,0.115666646,0.249557272,2.02625376
16,87,0.256897793,0.107037227,2.043204617
16,88,0.223183889,0.158439793,2.050198887
16,89,-0.114318199,-0.255489717,2.062272934
16,90,-0.032243184,-0.287774705,2.069838957
16,91,-0.154503585,-0.234282935,2.103278746
16,92,-0.239381736,0.149951795,2.114194398
16,93,0.172294022,-0.222491879,2.120728545
16,94,0.072837151,-0.284645992,2.126557811
16,95,-0.073914636,-0.285296711,2.13390942
16,96,-0.291388952,0.069692337,2.164993705
16,97,-0.011760472,0.304888996,2.172520683
16,98,-0.297168286,0.055767456,2.173360445
16,99,-0.227992192,-0.177179844,2.182374128
17,0,-0.043931958,0.01291106,0.184444572
17,1,0.047903913,0.027688654,0.236292379
17,2,-0.006421996,0.066723183,0.304945669
17,3,-0.034375862,-0.062276523,0.331234353
17,4,0.064409092,0.030877813,0.332987414
17,5,-0.039181153,0.063646871,0.354532636
17,6,-0.077806865,-0.003797231,0.374123277
17,7,0.022592232,0.077708491,0.39471362
17,8,-0.033904747,-0.07350868,0.395392475
17,9,0.034638625,0.075582309,0.410259374
17,10,0.039158314,-0.080086629,0.452105313
17,11,-0.0936584,-0.009967015,0.486355469
17,12,0.025071702,0.094049432,0.509807615
17,13,0.074957027,0.067395904,0.538315911
17,14,0.102964002,0.01616015,0.560170842
17,15,0.099216553,0.034168858,0.566849503
17,16,-0.104728195,0.010369661,0.567533461
17,17,0.104527548,0.013164214,0.568492155
17,18,-0.050169524,-0.092606042,0.571320239
17,19,0.105286184,-0.023197394,0.58766446
17,20,-0.107402037,0.041375771,0.645654091
17,21,0.027663793,-0.116344173,0.67935262
17,22,0.065941686,-0.106842785,0.73249736
17,23,0.084611614,0.095573936,0.751556821
17,24,0.007637021,0.139972226,0.844442654
17,25,-0.115478947,0.080669259,0.862168897
17,26,0.061894422,-0.132825074,0.906473523
17,27,-0.147419389,-0.018767167,0.915483616
17,28,-0.142402176,-0.057342391,0.964679163
17,29,0.110552388,-0.107721306,0.981868226
17,30,-0.136488115,-0.087021959,1.04492811
17,31,-0.038944081,0.167895364,1.121149379
17,32,0.175189262,-0.019454484,1.150616311
17,33,-0.122069785,-0.125828953,1.170568583
17,34,0.074185949,-0.162678287,1.1888808
17,35,-0.05477407,-0.173367239,1.207718655
17,36,0.037310071,-0.181666136,1.23337774
17,37,-0.183469363,-0.030306133,1.235800939
17,38,0.069823316,0.173513225,1.258975838
17,39,-0.175117032,-0.080287865,1.312514705
17,40,0.167703478,0.106234105,1.375750515
17,41,0.050482177,-0.196413958,1.386795255
17,42,0.209403716,0.002513273,1.431627378
17,43,0.093282268,-0.184904231,1.445163576
17,44,0.119091045,-0.169384034,1.456843763
17,45,0.161556663,0.12916344,1.458172616
17,46,0.087599045,-0.1963975,1.510876843
17,47,0.115434136,0.180095331,1.516090432
17,48,-0.056925968,0.211301512,1.526050624
17,49,0.22022823,-0.018738264,1.530631319
17,50,0.107300532,-0.189409404,1.545015833
17,51,-0.077714211,0.205713757,1.546601636
17,52,-0.103073151,-0.193608688,1.556914483
17,53,-0.129907942,0.175643317,1.56258032
17,54,0.126980426,0.184277614,1.608471641
17,55,0.205331418,-0.097788449,1.62316621
17,56,0.102721798,-0.20482385,1.640931646
17,57,0.189089826,-0.127430293,1.645773441
17,58,-0.17626682,-0.145612079,1.658437759
17,59,0.027757654,-0.237414592,1.680882577
17,60,-0.226543027,0.072287636,1.693058262
17,61,0.139949304,0.188757576,1.712474918
17,62,0.231664178,-0.073237308,1.736060005
17,63,0.196433669,-0.134401695,1.736187726
17,64,-0.191888441,-0.140366528,1.736828174
17,65,0.141792255,0.193318629,1.754845819
17,66,-0.184252644,-0.156957076,1.780608143
17,67,-0.005484578,0.254052555,1.79687442
17,68,-0.076011451,0.238954059,1.801072472
17,69,0.24538041,0.069466254,1.830529537
17,70,-0.126058524,0.215574376,1.830580415
17,71,0.182039504,-0.169203874,1.840494922
17,72,0.013366913,-0.261196215,1.855529204
17,73,-0.11728764,-0.224945976,1.856903155
17,74,-0.006210082,-0.265558084,1.886063157
17,75,0.256540549,-0.058959431,1.887784397
17,76,-0.263187162,-0.03615608,1.894044086
17,77,-0.030320043,0.267071535,1.915544171
17,78,-0.142502821,-0.216471637,1.920383515
17,79,-0.266721673,0.041814425,1.929622485
17,80,0.246601951,0.097075314,1.931255461
17,81,-0.208578286,0.154708592,1.931958074
17,82,-0.042206668,-0.268560182,1.944026397
17,83,0.178132789,-0.190698931,1.9507944
17,84,-0.19818306,0.174763576,1.978436406
17,85,-0.049512044,-0.271949693,1.982335099
17,86,0.112343108,-0.246850299,1.993263462
17,87,-0.078270499,0.264994802,2.002272214
17,88,0.14109365,0.229958325,2.006388056
17,89,-0.132494021,-0.236577025,2.010399932
17,90,0.016339422,-0.282100009,2.014099393
17,91,0.282814604,0.02059346,2.022352926
17,92,0.219194702,-0.159446524,2.029113506
17,93,0.037000243,0.284382363,2.051821311
17,94,0.234905246,-0.143450108,2.051881881
17,95,-0.039448322,-0.286550925,2.070871006
17,96,0.08010932,-0.275063527,2.07968833
17,97,0.162379923,0.23001573,2.116091525
17,98,-0.115396535,0.266614112,2.143268715
17,99,0.23978075,-0.156361306,2.148923577
18,0,-0.028025331,-0.033309458,0.172951567
18,1,-0.011631701,0.044583366,0.185919328
18,2,-0.035573822,-0.041256633,0.231565222
18,3,0.043603416,-0.040190128,0.259219033
18,4,-0.061519043,-0.01709916,0.285776834
18,5,0.045314739,0.06174153,0.366786523
18,6,-0.074556747,-0.043753056,0.433477887
18,7,-0.081239498,-0.038755682,0.458165999
18,8,0.02461354,-0.089670849,0.478420728
18,9,-0.024551048,0.091187469,0.488788847
18,10,0.053382451,0.078055604,0.491681849
18,11,-0.050302092,-0.089761492,0.553010458
18,12,0.103745049,0.014298427,0.563833735
18,13,0.042854152,0.097072821,0.576581702
18,14,0.020745554,0.110262766,0.621042477
18,15,0.097343758,0.055365837,0.623065233
18,16,0.115956922,-0.016228869,0.658709791
18,17,0.114350406,0.030698411,0.670308046
18,18,0.118637764,0.005106324,0.671244677
18,19,-0.099816657,-0.065212062,0.681340833
18,20,0.10867535,0.052835027,0.69258911
18,21,0.119460886,-0.029686124,0.707422779
18,22,0.060187871,0.12418666,0.834270411
18,23,-0.138412578,-0.016810405,0.838848513
18,24,0.135231285,-0.05100523,0.88700452
18,25,-0.145100658,0.025987314,0.906356364
18,26,-5.23E-04,-0.149861101,0.924930507
18,27,-0.149976014,0.001756084,0.925981942
18,28,-0.033142596,0.147566384,0.939792134
18,29,-0.140112384,0.056009775,0.942003072
18,30,0.125459366,0.090493599,0.982936974
18,31,0.127026127,0.095330694,1.019970679
18,32,-0.066425016,0.149460977,1.053617866
18,33,0.036947255,-0.16058212,1.055690529
18,34,-0.165814996,-0.007942947,1.061763682
18,35,0.032958621,-0.16429362,1.078648538
18,36,0.083708153,-0.146937363,1.107428137
18,37,0.001201552,0.171700956,1.110172782
18,38,0.110211802,-0.132485944,1.142573533
18,39,-0.016250582,0.175179888,1.14731806
18,40,0.176911641,-0.007952381,1.15645184
18,41,-0.172632775,-0.055082219,1.202581541
18,42,0.172346573,0.056899816,1.205748335
18,43,0.166273144,-0.073652411,1.215396562
18,44,0.161865092,0.084778266,1.227427796
18,45,-0.185403477,0.019966561,1.238153551
18,46,0.139017757,-0.122563127,1.261772886
18,47,-0.085764123,-0.171871381,1.310053661
18,48,0.025884148,-0.195091417,1.327607649
18,49,-0.151689787,-0.119284578,1.330412594
18,50,-0.108558321,-0.168349762,1.392652253
18,51,0.05229068,0.202306158,1.440125602
18,52,0.149634712,0.14080382,1.447719181
18,53,-0.208194159,0.035023887,1.451797642
18,54,0.210163986,-0.056275034,1.515032411
18,55,-0.167112684,0.132844416,1.518997395
18,56,0.065826721,0.207642037,1.522186687
18,57,-0.198713675,0.088617213,1.53322681
18,58,0.185452373,-0.116851933,1.56322021
18,59,0.091175945,-0.201504088,1.565581386
18,60,-0.030912867,-0.22305073,1.568282109
18,61,0.05510858,0.218270485,1.577875283
18,62,-0.198323949,0.104379967,1.598941543
18,63,-0.004483027,0.230346082,1.606314122
18,64,0.090843336,0.209886192,1.629450956
18,65,0.209419832,-0.094943457,1.642603538
18,66,0.125436787,0.200108801,1.715336009
18,67,0.21751528,0.102273529,1.735309556
18,68,-0.16630364,0.16911386,1.738664096
18,69,-0.243912546,-0.037794743,1.747229227
18,70,-0.153330019,-0.183791421,1.755834652
18,71,-0.113799288,0.217603639,1.787083061
18,72,0.156893112,-0.192713241,1.837160117
18,73,0.19145807,0.162035251,1.859013429
18,74,-0.16990025,-0.185235029,1.865498051
18,75,-0.139477344,-0.213098515,1.881063094
18,76,-0.084268629,0.247970478,1.896022626
18,77,0.210920489,0.145948447,1.900189126
18,78,0.19894206,0.161985336,1.908498381
18,79,0.092356124,0.246299408,1.911705101
18,80,0.107514619,0.241236708,1.933051267
18,81,0.041743899,0.269142536,1.947594164
18,82,-0.183962282,0.184937771,1.950346793
18,83,-0.03297214,0.272322451,1.95823066
18,84,0.212035187,-0.156638742,1.965927238
18,85,0.255075503,-0.09121011,1.971928853
18,86,0.277748712,0.011496341,1.979514701
18,87,-0.147597482,0.221958487,1.984727005
18,88,-0.091236241,0.257376711,1.988702112
18,89,-0.090485369,-0.258026828,1.990828819
18,90,-0.172660128,-0.20474292,2.008409938
18,91,-0.175030926,0.204131393,2.018236823
18,92,0.111595975,0.250989808,2.019576707
18,93,0.153336021,0.223085596,2.02245664
18,94,-0.044257588,0.278780375,2.022677367
18,95,-0.048129353,0.278518886,2.027642796
18,96,-0.078546749,0.268452616,2.028036075
18,97,-0.183198452,-0.200857324,2.045432005
18,98,-0.188762695,-0.196391067,2.050869504
18,99,0.250081284,0.126081223,2.074618293
19,0,0.010225278,-6.23E-04,0.031767075
19,1,-0.046462705,-0.004084221,0.188829512
19,2,-0.00909539,-0.054317661,0.234592106
19,3,0.016551408,-0.057633754,0.262714925
19,4,-0.059903846,0.032557427,0.312631955
19,5,0.066763621,-0.021651134,0.324855255
19,6,-0.025551487,0.073411018,0.373576967
19,7,0.045251743,0.064547811,0.381651039
19,8,0.048805452,0.069753673,0.424597263
19,9,0.092442072,-2.76E-04,0.473763084
19,10,0.01791703,-0.093364144,0.492984714
19,11,-0.068503566,0.068792932,0.51062272
19,12,-0.066471067,0.073182662,0.523815293
19,13,-0.055998612,0.084711815,0.543355451
19,14,0.038112595,-0.103377506,0.607148264
19,15,-0.078221684,0.079777354,0.62258158
19,16,-0.108914371,0.028288618,0.624239067
19,17,-0.109287974,-0.029253796,0.629032047
19,18,-0.114834596,0.015114558,0.648784154
19,19,0.122803213,-0.001375672,0.70330682
19,20,0.102207215,0.067409355,0.707371973
19,21,-0.008288095,-0.124316217,0.71765176
19,22,0.086636156,0.088172803,0.718330803
19,23,7.14E-04,0.128881086,0.751951512
19,24,0.120629799,-0.051987119,0.777670509
19,25,0.121998076,-0.056181681,0.802810814
19,26,0.107604754,-0.08055656,0.807706354
19,27,-0.073758437,0.115006098,0.825273984
19,28,-0.06355739,0.124794984,0.85207614
19,29,-0.139879796,0.018716455,0.853073245
19,30,0.107181024,0.09558683,0.887391226
19,31,0.071965263,-0.129308593,0.921146629
19,32,-0.14490487,0.035112272,0.922089373
19,33,0.147029176,0.0292724,0.927916943
19,34,0.144735969,-0.038667415,0.928812808
19,35,-0.116630732,0.093569419,0.938435104
19,36,0.031247401,0.148220259,0.941434493
19,37,0.092918811,-0.130315421,1.03032375
19,38,-0.119666125,-0.106893569,1.035980934
19,39,0.156402904,-0.043699657,1.036960265
19,40,-0.146059749,-0.070180747,1.041690536
19,41,0.086200115,-0.137533172,1.048606405
19,42,-0.162684399,-0.040818488,1.081923517
19,43,0.168729116,0.032232459,1.114587446
19,44,0.167752754,0.041200595,1.12507236
19,45,-0.043391461,0.169999807,1.14903447
19,46,0.174996633,0.036672886,1.175944704
19,47,-0.169291606,-0.060524129,1.192272034
19,48,-0.160048793,-0.08400263,1.20982041
19,49,0.16672278,0.072659792,1.215107157
19,50,-0.181996828,0.037130462,1.235801174
19,51,0.031502621,-0.186659072,1.26477362
19,52,0.187447632,-0.030591129,1.269932332
19,53,-0.132944242,0.134181441,1.295029727
19,54,0.053116429,0.188208068,1.325752176
19,55,-0.013650921,0.201907088,1.372822907
19,56,0.18549327,-0.076165902,1.379137939
19,57,0.201420455,0.030743158,1.388058154
19,58,-0.05153053,0.197573131,1.399078852
19,59,0.183129106,-0.091571936,1.423736886
19,60,0.088299125,0.18946007,1.459231582
19,61,-0.114436298,-0.174326917,1.468048498
19,62,0.091095094,0.189123866,1.46850841
19,63,0.141827903,0.152497095,1.473370264
19,64,0.102979503,-0.18730467,1.508291091
19,65,-0.212390893,-0.059420591,1.54174513
19,66,-0.052025149,0.216200007,1.553357874
19,67,0.153864821,-0.161909283,1.612421864
19,68,-0.187993192,-0.124246822,1.620758759
19,69,-0.013143331,-0.233148077,1.632755731
19,70,-0.217117251,0.080526927,1.646773937
19,71,-0.208276566,0.099456826,1.652953278
19,72,0.224428463,0.073378432,1.679931887
19,73,-0.078260578,-0.222428685,1.680463384
19,74,-0.114735173,-0.203615839,1.68772528
19,75,0.22574815,0.074452986,1.693757042
19,76,-0.220980232,-0.088689202,1.706882963
19,77,-0.113846423,-0.207628068,1.713329355
19,78,0.219404597,-0.102181752,1.749179337
19,79,0.082408419,0.231190245,1.762679617
19,80,0.131034011,-0.20312603,1.766188202
19,81,0.01118813,0.250394914,1.770150013
19,82,-0.249513184,-0.029792714,1.77965984
19,83,-0.178052456,-0.164034476,1.782563335
19,84,0.135791517,0.202645194,1.787859277
19,85,-0.229604469,0.094694656,1.795761027
19,86,0.094476068,-0.229840252,1.79669388
19,87,-0.230881211,0.097766092,1.817404776
19,88,-0.194257353,-0.154225531,1.832106022
19,89,0.220637558,-0.119401779,1.835316362
19,90,0.178069788,-0.173648629,1.842596483
19,91,-0.186256412,0.166971684,1.854312436
19,92,-0.126980681,0.219003918,1.859765132
19,93,0.241043526,0.089112261,1.861006792
19,94,-0.237857549,0.09565413,1.861336903
19,95,-0.064430772,-0.252591694,1.87159323
19,96,-0.117054926,0.227464921,1.874158359
19,97,0.218141501,-0.136388301,1.900538201
19,98,0.120212628,-0.231753467,1.919424535
19,99,0.018217486,0.271212968,1.934834223
20,0,-0.010933547,-0.01788115,0.070942484
20,1,0.020159645,0.006606974,0.071947319
20,2,0.024082588,-0.027997919,0.140444753
20,3,-0.006646443,0.040882298,0.162203875
20,4,-0.020600923,0.037316534,0.168327259
20,5,-0.04337749,-0.011979697,0.18036277
20,6,-0.0337252,-0.032020892,0.188309992
20,7,-0.04242991,-0.029599834,0.216313727
20,8,0.043632184,0.046295684,0.284868573
20,9,-0.037817389,0.051499119,0.286480034
20,10,0.064728776,-0.034576754,0.345617922
20,11,-0.066740011,0.038450126,0.369442379
20,12,0.077320439,0.004275946,0.371096804
20,13,0.03135649,0.072278446,0.380810979
20,14,0.062322098,-0.061175412,0.440211057
20,15,-0.069330206,-0.057970785,0.461716971
20,16,0.044420432,0.08163922,0.479414897
20,17,-0.005216732,0.093961216,0.485672221
20,18,-0.015358538,-0.094427545,0.497201406
20,19,0.071803114,0.0689913,0.529167438
20,20,-0.089381871,0.044852016,0.530973778
20,21,-0.067454881,0.0768968,0.549538403
20,22,0.035227754,0.104834586,0.610037441
20,23,0.079149846,-0.081195527,0.635728864
20,24,-0.076743901,-0.086656931,0.654467153
20,25,0.094536143,0.067189011,0.655638063
20,26,-0.111763745,-0.041580081,0.67836224
20,27,-0.008783471,0.126232078,0.733248835
20,28,-0.044412578,-0.118442499,0.736802778
20,29,-0.126536631,0.011434071,0.737510862
20,30,0.029460622,0.123493006,0.738395634
20,31,0.012081075,-0.126726787,0.73955046
20,32,0.080774663,0.101849543,0.770760128
20,33,-0.02678228,-0.132515887,0.805080911
20,34,-0.088691991,0.100921427,0.807912983
20,35,0.133309758,0.026789931,0.811487577
20,36,0.1289231,-0.049431439,0.832690252
20,37,-0.034670089,0.136537077,0.853148387
20,38,0.055304468,-0.129107059,0.85374
20,39,0.051919994,0.13444635,0.883784737
20,40,0.140457748,0.036657279,0.88932524
20,41,-0.100037698,-0.110276742,0.933502223
20,42,0.099666245,0.1118509,0.941536978
20,43,-0.142726025,-0.056856763,0.965575928
20,44,-0.095459925,-0.119071596,0.965580792
20,45,-0.124424924,0.091067621,0.978683694
20,46,-0.149375301,-0.049261828,0.994770143
20,47,-0.16284978,0.028369463,1.058340492
20,48,0.133314498,-0.100954556,1.095335533
20,49,-0.144705275,0.091429952,1.127901517
20,50,0.003636021,0.175918286,1.146552281
20,51,-0.138831489,0.105093537,1.157651428
20,52,0.029246524,0.175188223,1.163958908
20,53,-0.140432122,0.104597146,1.166314494
20,54,0.036114079,-0.175390054,1.178130384
20,55,-0.079765076,-0.15866317,1.180407073
20,56,0.09149592,0.15272944,1.188599292
20,57,-0.154315183,0.089321033,1.190171665
20,58,-0.180057756,0.021491802,1.194376576
20,59,-0.125542855,-0.127418693,1.203143129
20,60,0.08483253,-0.159676024,1.210645725
20,61,-0.092677494,0.157184365,1.228208836
20,62,-0.177216584,0.06306976,1.265438648
20,63,-0.190016379,0.009883036,1.269370796
20,64,-0.028271458,-0.189048654,1.279850183
20,65,-0.105533569,-0.165562249,1.35607587
20,66,-0.156978827,0.124818521,1.400265811
20,67,0.081853194,0.188099716,1.422069195
20,68,-0.178412313,-0.112014791,1.485795093
20,69,-0.215961903,0.007979163,1.488130986
20,70,-0.173473605,-0.120032089,1.491881229
20,71,-0.107029368,0.191534747,1.559817523
20,72,0.041247127,-0.220610317,1.565782196
20,73,-0.150677544,0.15957028,1.576687982
20,74,-0.109716102,0.193157147,1.585054463
20,75,-0.219612946,-0.055308465,1.589247074
20,76,-0.218532563,-0.066653922,1.612220458
20,77,0.050548372,0.227811846,1.643829582
20,78,-0.221320294,0.077021731,1.667562466
20,79,0.009901432,0.239331004,1.681216244
20,80,-0.143949348,-0.181508461,1.684825818
20,81,-0.03123942,0.23876654,1.696328537
20,82,-0.129933401,-0.196948846,1.71595283
20,83,0.020579984,-0.245198841,1.735475655
20,84,-0.241294824,0.043144853,1.735960602
20,85,0.194762499,-0.140099411,1.755549095
20,86,-0.14652595,0.190299846,1.760655094
20,87,0.229502998,0.08865993,1.772135411
20,88,-0.248826452,-0.028524369,1.772668956
20,89,0.032674295,0.248544282,1.775920059
20,90,0.122394969,0.211076859,1.779982115
20,91,-0.201954498,0.136259574,1.785455388
20,92,0.052203155,0.246810168,1.797711924
20,93,-0.199713735,0.143179759,1.807279034
20,94,-0.252945517,-0.037475748,1.817456033
20,95,0.141003206,0.208490988,1.856846526
20,96,-0.18562748,0.169167979,1.863574483
20,97,-0.226411694,-0.124372043,1.900361537
20,98,0.08794012,-0.24702034,1.901437527
20,99,0.069495117,-0.255713998,1.908735694